-- phpMyAdmin SQL Dump
-- version 5.2.1
-- https://www.phpmyadmin.net/
--
-- Host: 127.0.0.1
-- Generation Time: May 01, 2026 at 03:52 AM
-- Server version: 10.4.32-MariaDB
-- PHP Version: 8.2.12

SET SQL_MODE = "NO_AUTO_VALUE_ON_ZERO";
START TRANSACTION;
SET time_zone = "+00:00";


/*!40101 SET @OLD_CHARACTER_SET_CLIENT=@@CHARACTER_SET_CLIENT */;
/*!40101 SET @OLD_CHARACTER_SET_RESULTS=@@CHARACTER_SET_RESULTS */;
/*!40101 SET @OLD_COLLATION_CONNECTION=@@COLLATION_CONNECTION */;
/*!40101 SET NAMES utf8mb4 */;

--
-- Database: `sports_encyclopedia`
--

-- --------------------------------------------------------

--
-- Table structure for table `athletes`
--

CREATE TABLE `athletes` (
  `id` int(10) UNSIGNED NOT NULL,
  `slug` varchar(100) NOT NULL,
  `name` varchar(200) NOT NULL,
  `sport_id` int(10) UNSIGNED NOT NULL,
  `country_id` smallint(5) UNSIGNED DEFAULT NULL,
  `image` varchar(255) DEFAULT NULL,
  `banner` varchar(255) DEFAULT NULL,
  `chart_about` varchar(200) DEFAULT NULL,
  `is_egyptian_champion` tinyint(1) DEFAULT 0,
  `champion_year` smallint(6) DEFAULT NULL,
  `achievements` text DEFAULT NULL,
  `created_at` timestamp NOT NULL DEFAULT current_timestamp()
) ENGINE=InnoDB DEFAULT CHARSET=utf8mb4 COLLATE=utf8mb4_general_ci;

--
-- Dumping data for table `athletes`
--

INSERT INTO `athletes` (`id`, `slug`, `name`, `sport_id`, `country_id`, `image`, `banner`, `chart_about`, `is_egyptian_champion`, `champion_year`, `achievements`, `created_at`) VALUES
(1, 'salah', 'Mohamed Salah', 2, 1, 'images/athletes/football/salah.png', 'images/athletes/football/salah_banner.png', 'Goals Scored Per Season', 0, NULL, NULL, '2026-04-19 06:06:23'),
(2, 'hegazi', 'Ahmed Hegazi', 2, 1, 'images/athletes/football/hegazi.png', 'images/athletes/football/hegazi_banner.png', 'Goals Scored Per Season', 0, NULL, NULL, '2026-04-19 06:06:23'),
(3, 'mbappe', 'Kylian Mbappé', 2, 6, 'images/athletes/football/mbappe.png', 'images/athletes/football/mbappe_banner.png', 'Goals Scored Per Season', 0, NULL, NULL, '2026-04-19 06:06:23'),
(4, 'ronaldo', 'Cristiano Ronaldo', 2, 7, 'images/athletes/football/ronaldo.png', 'images/athletes/football/ronaldo_banner.png', 'Goals Scored Per Season', 0, NULL, NULL, '2026-04-19 06:06:23'),
(5, 'neymar', 'Neymar Jr', 2, 13, 'images/athletes/football/neymar.png', 'images/athletes/football/neymar_banner.png', 'Goals Scored Per Season', 0, NULL, NULL, '2026-04-19 06:06:23'),
(6, 'messi', 'Lionel Messi', 2, 8, 'images/athletes/football/messi.png', 'images/athletes/football/messi_banner.png', 'Goals Scored Per Season', 0, NULL, NULL, '2026-04-19 06:06:23'),
(7, 'modric', 'Luka Modrić', 2, 15, 'images/athletes/football/modric.png', 'images/athletes/football/modric_banner.png', 'Goals Scored Per Season', 0, NULL, NULL, '2026-04-19 06:06:24'),
(8, 'kane', 'Harry Kane', 2, 16, 'images/athletes/football/kane.png', 'images/athletes/football/kane_banner.png', 'Goals Scored Per Season', 0, NULL, NULL, '2026-04-19 06:06:24'),
(9, 'ronaldinho', 'Ronaldinho', 2, 13, 'images/athletes/football/ronaldinho.png', 'images/athletes/football/ronaldinho_banner.png', 'Goals Scored Per Season', 0, NULL, NULL, '2026-04-19 06:06:24'),
(10, 'ibrahimovic', 'Zlatan Ibrahimović', 2, 18, 'images/athletes/football/ibrahimovic.png', 'images/athletes/football/ibrahimovic_banner.png', 'Goals Scored Per Season', 0, NULL, NULL, '2026-04-19 06:06:24'),
(11, 'kdb', 'Kevin De Bruyne', 2, 19, 'images/athletes/football/kdb.png', 'images/athletes/football/kdb_banner.png', 'Goals Scored Per Season', 0, NULL, NULL, '2026-04-19 06:06:24'),
(12, 'sterling', 'Raheem Sterling', 2, 16, 'images/athletes/football/sterling.png', 'images/athletes/football/sterling_banner.png', 'Goals Scored Per Season', 0, NULL, NULL, '2026-04-19 06:06:24'),
(13, 'son', 'Heung-Min Son', 2, 21, 'images/athletes/football/son.png', 'images/athletes/football/son_banner.png', 'Goals Scored Per Season', 0, NULL, NULL, '2026-04-19 06:06:24'),
(14, 'kimmich', 'Joshua Kimmich', 2, 22, 'images/athletes/football/kimmich.png', 'images/athletes/football/kimmich_banner.png', 'Goals Scored Per Season', 0, NULL, NULL, '2026-04-19 06:06:24'),
(15, 'depay', 'Memphis Depay', 2, 23, 'images/athletes/football/depay.png', 'images/athletes/football/depay_banner.png', 'Goals Scored Per Season', 0, NULL, NULL, '2026-04-19 06:06:24'),
(16, 'bernardo', 'Bernardo Silva', 2, 7, 'images/athletes/football/bernardo.png', 'images/athletes/football/bernardo_banner.png', 'Goals Scored Per Season', 0, NULL, NULL, '2026-04-19 06:06:24'),
(17, 'erling_haaland', 'Erling Haaland', 2, 9, 'images/athletes/football/haaland.png', 'images/athletes/football/haaland_banner.png', 'Goals Per Season', 0, NULL, NULL, '2026-04-19 06:06:25'),
(18, 'alejandro_garnacho', 'Alejandro Garnacho', 2, 8, 'images/athletes/football/garnacho.png', 'images/athletes/football/garnacho_banner.png', 'Goals Per Season', 0, NULL, NULL, '2026-04-19 06:06:25'),
(19, 'lamine_yamal', 'Lamine Yamal', 2, 11, 'images/athletes/football/yamal.png', 'images/athletes/football/yamal_banner.png', 'Goal Contributions Per Season', 0, NULL, NULL, '2026-04-19 06:06:25'),
(20, 'maradona', 'Diego Maradona', 2, 8, 'images/athletes/football/maradona.png', 'images/athletes/football/maradona_banner.png', 'Goal Contributions Per Season', 0, NULL, NULL, '2026-04-19 06:06:25'),
(21, 'pele', 'Pelé', 2, 13, 'images/athletes/football/pele.png', 'images/athletes/football/pele_banner.png', 'Goal Contributions Per Season', 0, NULL, NULL, '2026-04-19 06:06:25'),
(22, 'lebron', 'LeBron James', 3, 25, 'images/athletes/basketball/lebron.png', 'images/athletes/basketball/lebron_banner.png', 'Total Points Scored Per Season', 0, NULL, NULL, '2026-04-19 06:06:25'),
(23, 'curry', 'Stephen Curry', 3, 25, 'images/athletes/basketball/curry.png', 'images/athletes/basketball/curry_banner.png', 'Total Points Scored Per Season', 0, NULL, NULL, '2026-04-19 06:06:25'),
(24, 'durant', 'Kevin Durant', 3, 25, 'images/athletes/basketball/durant.png', 'images/athletes/basketball/durant_banner.png', 'Total Points Scored Per Season', 0, NULL, NULL, '2026-04-19 06:06:25'),
(25, 'jordan', 'Michael Jordan', 3, 25, 'images/athletes/basketball/jordan.png', 'images/athletes/basketball/jordan_banner.png', 'Total Points Scored Per Season', 0, NULL, NULL, '2026-04-19 06:06:25'),
(26, 'antetokounmpo', 'Giannis Antetokounmpo', 3, 29, 'images/athletes/basketball/giannis.png', 'images/athletes/basketball/giannis_banner.png', 'Total Points Scored Per Season', 0, NULL, NULL, '2026-04-19 06:06:25'),
(27, 'durant2', 'Klay Thompson', 3, 25, 'images/athletes/basketball/klay.png', 'images/athletes/basketball/klay_banner.png', 'Total Points Scored Per Season', 0, NULL, NULL, '2026-04-19 06:06:25'),
(28, 'harden', 'James Harden', 3, 25, 'images/athletes/basketball/harden.png', 'images/athletes/basketball/harden_banner.png', 'Total Points Scored Per Season', 0, NULL, NULL, '2026-04-19 06:06:25'),
(29, 'irving', 'Kyrie Irving', 3, 25, 'images/athletes/basketball/irving.png', 'images/athletes/basketball/irving_banner.png', 'Total Points Scored Per Season', 0, NULL, NULL, '2026-04-19 06:06:25'),
(30, 'giannis2', 'Devin Booker', 3, 25, 'images/athletes/basketball/booker.png', 'images/athletes/basketball/booker_banner.png', 'Total Points Scored Per Season', 0, NULL, NULL, '2026-04-19 06:06:25'),
(31, 'davis', 'Anthony Davis', 3, 25, 'images/athletes/basketball/davis.png', 'images/athletes/basketball/davis_banner.png', 'Total Points Scored Per Season', 0, NULL, NULL, '2026-04-19 06:06:25'),
(32, 'tatum', 'Jayson Tatum', 3, 25, 'images/athletes/basketball/tatum.png', 'images/athletes/basketball/tatum_banner.png', 'Total Points Scored Per Season', 0, NULL, NULL, '2026-04-19 06:06:25'),
(33, 'doncic', 'Luka Dončić', 3, 36, 'images/athletes/basketball/doncic.png', 'images/athletes/basketball/doncic_banner.png', 'Total Points Scored Per Season', 0, NULL, NULL, '2026-04-19 06:06:26'),
(34, 'westbrook', 'Russell Westbrook', 3, 25, 'images/athletes/basketball/westbrook.png', 'images/athletes/basketball/westbrook_banner.png', 'Total Points Scored Per Season', 0, NULL, NULL, '2026-04-19 06:06:26'),
(35, 'butler', 'Jimmy Butler', 3, 25, 'images/athletes/basketball/butler.png', 'images/athletes/basketball/butler_banner.png', 'Total Points Scored Per Season', 0, NULL, NULL, '2026-04-19 06:06:26'),
(36, 'emmanuel', 'Joel Embiid', 3, 25, 'images/athletes/basketball/embiid.png', 'images/athletes/basketball/embiid_banner.png', 'Total Points Scored Per Season', 0, NULL, NULL, '2026-04-19 06:06:26'),
(37, 'arnold', 'Arnold Schwarzenegger', 5, 40, 'images/athletes/bodybuilding/arnold.png', 'images/athletes/bodybuilding/arnold_banner.png', 'Competition Score (Out of 100)', 0, NULL, NULL, '2026-04-19 06:06:26'),
(38, 'ronnie', 'Ronnie Coleman', 5, 25, 'images/athletes/bodybuilding/ronnie.png', 'images/athletes/bodybuilding/ronnie_banner.png', 'Competition Score (Out of 100)', 0, NULL, NULL, '2026-04-19 06:06:26'),
(39, 'phil', 'Phil Heath', 5, 25, 'images/athletes/bodybuilding/phil.png', 'images/athletes/bodybuilding/phil_banner.png', 'Competition Score (Out of 100)', 0, NULL, NULL, '2026-04-19 06:06:26'),
(40, 'jay', 'Jay Cutler', 5, 25, 'images/athletes/bodybuilding/jay.png', 'images/athletes/bodybuilding/jay_banner.png', 'Competition Score (Out of 100)', 0, NULL, NULL, '2026-04-19 06:06:26'),
(41, 'dexter', 'Dexter Jackson', 5, 25, 'images/athletes/bodybuilding/dexter.png', 'images/athletes/bodybuilding/dexter_banner.png', 'Competition Score (Out of 100)', 0, NULL, NULL, '2026-04-19 06:06:26'),
(42, 'shawn', 'Shawn Rhoden', 5, 25, 'images/athletes/bodybuilding/shawn.png', 'images/athletes/bodybuilding/shawn_banner.png', 'Competition Score (Out of 100)', 0, NULL, NULL, '2026-04-19 06:06:26'),
(43, 'kevin', 'Kevin Levrone', 5, 25, 'images/athletes/bodybuilding/kevin.png', 'images/athletes/bodybuilding/kevin_banner.png', 'Competition Score (Out of 100)', 0, NULL, NULL, '2026-04-19 06:06:26'),
(44, 'franco', 'Franco Columbu', 5, 47, 'images/athletes/bodybuilding/franco.png', 'images/athletes/bodybuilding/franco_banner.png', 'Competition Score (Out of 100)', 0, NULL, NULL, '2026-04-19 06:06:26'),
(45, 'flex', 'Flex Wheeler', 5, 25, 'images/athletes/bodybuilding/flex.png', 'images/athletes/bodybuilding/flex_banner.png', 'Competition Score (Out of 100)', 0, NULL, NULL, '2026-04-19 06:06:26'),
(46, 'ronnie2', 'Ronnie Rockel', 5, 22, 'images/athletes/bodybuilding/ronnie2.png', 'images/athletes/bodybuilding/ronnie2_banner.png', 'Competition Score (Out of 100)', 0, NULL, NULL, '2026-04-19 06:06:26'),
(47, 'brandon', 'Brandon Curry', 5, 25, 'images/athletes/bodybuilding/brandon.png', 'images/athletes/bodybuilding/brandon_banner.png', 'Competition Score (Out of 100)', 0, NULL, NULL, '2026-04-19 06:06:26'),
(48, 'dorian', 'Dorian Yates', 5, 51, 'images/athletes/bodybuilding/dorian.png', 'images/athletes/bodybuilding/dorian_banner.png', 'Competition Score (Out of 100)', 0, NULL, NULL, '2026-04-19 06:06:26'),
(49, 'mamdouh', 'Mamdouh Elssbiay (Big Ramy)', 5, 1, 'images/athletes/bodybuilding/bigramy.png', 'images/athletes/bodybuilding/bigramy_banner.png', 'Competition Score (Out of 100)', 0, NULL, NULL, '2026-04-19 06:06:27'),
(50, 'hadi', 'Hadi Choopan', 5, 53, 'images/athletes/bodybuilding/hadi.png', 'images/athletes/bodybuilding/hadi_banner.png', 'Competition Score (Out of 100)', 0, NULL, NULL, '2026-04-19 06:06:27'),
(51, 'ahmad', 'Ahmad Ashkanani', 5, 54, 'images/athletes/bodybuilding/ahmad.png', 'images/athletes/bodybuilding/ahmad_banner.png', 'Competition Score (Out of 100)', 0, NULL, NULL, '2026-04-19 06:06:27'),
(52, 'chris_bumstead', 'Chris Bumstead', 5, 52, 'images/athletes/bodybuilding/kris_pomsted.png', 'images/athletes/bodybuilding/kris_pomsted_banner.png', 'Competition Score (Out of 100)', 0, NULL, NULL, '2026-04-19 06:06:27'),
(53, 'aaron_judge', 'Aaron Judge', 15, 25, 'images/athletes/baseball/aaron_judge.png', 'images/athletes/baseball/aaron_judge_banner.png', 'Home Runs Per Season', 0, NULL, NULL, '2026-04-19 06:06:27'),
(54, 'shohei_ohtani', 'Shohei Ohtani', 15, 56, 'images/athletes/baseball/shohei_ohtani.png', 'images/athletes/baseball/shohei_ohtani_banner.png', 'Home Runs Per Season', 0, NULL, NULL, '2026-04-19 06:06:27'),
(55, 'juan_soto', 'Juan Soto', 15, 57, 'images/athletes/baseball/juan_soto.png', 'images/athletes/baseball/juan_soto_banner.png', 'Home Runs Per Season', 0, NULL, NULL, '2026-04-19 06:06:27'),
(56, 'mookie_betts', 'Mookie Betts', 15, 25, 'images/athletes/baseball/mookie_betts.png', 'images/athletes/baseball/mookie_betts_banner.png', 'Home Runs Per Season', 0, NULL, NULL, '2026-04-19 06:06:27'),
(57, 'cal_raleigh', 'Cal Raleigh', 15, 25, 'images/athletes/baseball/cal_raleigh.png', 'images/athletes/baseball/cal_raleigh_banner.png', 'Home Runs Per Season', 0, NULL, NULL, '2026-04-19 06:06:27'),
(58, 'matt_olson', 'Matt Olson', 15, 25, 'images/athletes/baseball/matt_olson.png', 'images/athletes/baseball/matt_olson_banner.png', 'Home Runs Per Season', 0, NULL, NULL, '2026-04-19 06:06:27'),
(59, 'bryce_harper', 'Bryce Harper', 15, 25, 'images/athletes/baseball/bryce_harper.png', 'images/athletes/baseball/bryce_harper_banner.png', 'Home Runs Per Season', 0, NULL, NULL, '2026-04-19 06:06:27'),
(60, 'nolan_arenado', 'Nolan Arenado', 15, 25, 'images/athletes/baseball/nolan_arenado.png', 'images/athletes/baseball/nolan_arenado_banner.png', 'Home Runs Per Season', 0, NULL, NULL, '2026-04-19 06:06:27'),
(61, 'freddie_freeman', 'Freddie Freeman', 15, 25, 'images/athletes/baseball/freddie_freeman.png', 'images/athletes/baseball/freddie_freeman_banner.png', 'Home Runs Per Season', 0, NULL, NULL, '2026-04-19 06:06:27'),
(62, 'manny_machado', 'Manny Machado', 15, 25, 'images/athletes/baseball/manny_machado.png', 'images/athletes/baseball/manny_machado_banner.png', 'Home Runs Per Season', 0, NULL, NULL, '2026-04-19 06:06:27'),
(63, 'giancarlo_stanton', 'Giancarlo Stanton', 15, 25, 'images/athletes/baseball/giancarlo_stanton.png', 'images/athletes/baseball/giancarlo_stanton_banner.png', 'Home Runs Per Season', 0, NULL, NULL, '2026-04-19 06:06:28'),
(64, 'bryan_reynolds', 'Bryan Reynolds', 15, 25, 'images/athletes/baseball/bryan_reynolds.png', 'images/athletes/baseball/bryan_reynolds_banner.png', 'Home Runs Per Season', 0, NULL, NULL, '2026-04-19 06:06:28'),
(65, 'anthony_rendon', 'Anthony Rendon', 15, 25, 'images/athletes/baseball/anthony_rendon.png', 'images/athletes/baseball/anthony_rendon_banner.png', 'Home Runs Per Season', 0, NULL, NULL, '2026-04-19 06:06:28'),
(66, 'ketel_marte', 'Ketel Marte', 15, 57, 'images/athletes/baseball/ketel_marte.png', 'images/athletes/baseball/ketel_marte_banner.png', 'Home Runs Per Season', 0, NULL, NULL, '2026-04-19 06:06:28'),
(67, 'jose_ramirez', 'José Ramírez', 15, 57, 'images/athletes/baseball/jose_ramirez.png', 'images/athletes/baseball/jose_ramirez_banner.png', 'Home Runs Per Season', 0, NULL, NULL, '2026-04-19 06:06:28'),
(68, 'trea_turner', 'Trea Turner', 15, 25, 'images/athletes/baseball/trea_turner.png', 'images/athletes/baseball/trea_turner_banner.png', 'Home Runs Per Season', 0, NULL, NULL, '2026-04-19 06:06:28'),
(69, 'roger_federer', 'Roger Federer', 6, 71, 'images/athletes/tennis/roger_federer.png', 'images/athletes/tennis/roger_federer_banner.png', 'Win Percentage Per Season (%)', 0, NULL, NULL, '2026-04-19 06:06:28'),
(70, 'rafael_nadal', 'Rafael Nadal', 6, 11, 'images/athletes/tennis/rafael_nadal.png', 'images/athletes/tennis/rafael_nadal_banner.png', 'Win Percentage Per Season (%)', 0, NULL, NULL, '2026-04-19 06:06:28'),
(71, 'novak_djokovic', 'Novak Djokovic', 6, 73, 'images/athletes/tennis/novak_djokovic.png', 'images/athletes/tennis/novak_djokovic_banner.png', 'Win Percentage Per Season (%)', 0, NULL, NULL, '2026-04-19 06:06:28'),
(72, 'andy_murray', 'Andy Murray', 6, 51, 'images/athletes/tennis/andy_murray.png', 'images/athletes/tennis/andy_murray_banner.png', 'Win Percentage Per Season (%)', 0, NULL, NULL, '2026-04-19 06:06:28'),
(73, 'carlos_alcaraz', 'Carlos Alcaraz', 6, 11, 'images/athletes/tennis/carlos_alcaraz.png', 'images/athletes/tennis/carlos_alcaraz_banner.png', 'Win Percentage Per Season (%)', 0, NULL, NULL, '2026-04-19 06:06:28'),
(74, 'stan_wawrinka', 'Stan Wawrinka', 6, 71, 'images/athletes/tennis/stan_wawrinka.png', 'images/athletes/tennis/stan_wawrinka_banner.png', 'Win Percentage Per Season (%)', 0, NULL, NULL, '2026-04-19 06:06:28'),
(75, 'daniil_medvedev', 'Daniil Medvedev', 6, 77, 'images/athletes/tennis/daniil_medvedev.png', 'images/athletes/tennis/daniil_medvedev_banner.png', 'Win Percentage Per Season (%)', 0, NULL, NULL, '2026-04-19 06:06:29'),
(76, 'alexander_zverev', 'Alexander Zverev', 6, 22, 'images/athletes/tennis/alexander_zverev.png', 'images/athletes/tennis/alexander_zverev_banner.png', 'Win Percentage Per Season (%)', 0, NULL, NULL, '2026-04-19 06:06:29'),
(77, 'stefanos_tsitsipas', 'Stefanos Tsitsipas', 6, 29, 'images/athletes/tennis/stefanos_tsitsipas.png', 'images/athletes/tennis/stefanos_tsitsipas_banner.png', 'Win Percentage Per Season (%)', 0, NULL, NULL, '2026-04-19 06:06:29'),
(78, 'nick_kyrgios', 'Nick Kyrgios', 6, 80, 'images/athletes/tennis/nick_kyrgios.png', 'images/athletes/tennis/nick_kyrgios_banner.png', 'Win Percentage Per Season (%)', 0, NULL, NULL, '2026-04-19 06:06:29'),
(79, 'holger_rune', 'Holger Rune', 6, 81, 'images/athletes/tennis/holger_rune.png', 'images/athletes/tennis/holger_rune_banner.png', 'Win Percentage Per Season (%)', 0, NULL, NULL, '2026-04-19 06:06:29'),
(80, 'jannik_sinner', 'Jannik Sinner', 6, 47, 'images/athletes/tennis/jannik_sinner.png', 'images/athletes/tennis/jannik_sinner_banner.png', 'Win Percentage Per Season (%)', 0, NULL, NULL, '2026-04-19 06:06:29'),
(81, 'dominic_thiem', 'Dominic Thiem', 6, 40, 'images/athletes/tennis/dominic_thiem.png', 'images/athletes/tennis/dominic_thiem_banner.png', 'Win Percentage Per Season (%)', 0, NULL, NULL, '2026-04-19 06:06:29'),
(82, 'gael_monfils', 'Gaël Monfils', 6, 6, 'images/athletes/tennis/gael_monfils.png', 'images/athletes/tennis/gael_monfils_banner.png', 'Win Percentage Per Season (%)', 0, NULL, NULL, '2026-04-19 06:06:29'),
(83, 'felix_aliassime', 'Felix Auger-Aliassime', 6, 52, 'images/athletes/tennis/felix_aliassime.png', 'images/athletes/tennis/felix_aliassime_banner.png', 'Win Percentage Per Season (%)', 0, NULL, NULL, '2026-04-19 06:06:29'),
(84, 'wilfredo_leon', 'Wilfredo León', 1, 86, 'images/athletes/volleyball/wilfredo_leon.png', 'images/athletes/volleyball/wilfredo_leon_banner.png', 'Aces Per Season', 0, NULL, NULL, '2026-04-19 06:06:29'),
(85, 'matt_anderson', 'Matt Anderson', 1, 25, 'images/athletes/volleyball/matt_anderson.png', 'images/athletes/volleyball/matt_anderson_banner.png', 'Aces Per Season', 0, NULL, NULL, '2026-04-19 06:06:29'),
(86, 'earvin_ngapeth', 'Earvin Ngapeth', 1, 6, 'images/athletes/volleyball/earvin_ngapeth.png', 'images/athletes/volleyball/earvin_ngapeth_banner.png', 'Aces Per Season', 0, NULL, NULL, '2026-04-19 06:06:29'),
(87, 'torey_defalco', 'Torey DeFalco', 1, 25, 'images/athletes/volleyball/torey_defalco.png', 'images/athletes/volleyball/torey_defalco_banner.png', 'Aces Per Season', 0, NULL, NULL, '2026-04-19 06:06:29'),
(88, 'yoandy_leal', 'Yoandy Leal', 1, 13, 'images/athletes/volleyball/yoandy_leal.png', 'images/athletes/volleyball/yoandy_leal_banner.png', 'Aces Per Season', 0, NULL, NULL, '2026-04-19 06:06:29'),
(89, 'micah_christenson', 'Micah Christenson', 1, 25, 'images/athletes/volleyball/micah_christenson.png', 'images/athletes/volleyball/micah_christenson_banner.png', 'Aces Per Season', 0, NULL, NULL, '2026-04-19 06:06:29'),
(90, 'simone_gianelli', 'Simone Gianelli', 1, 47, 'images/athletes/volleyball/simone_gianelli.png', 'images/athletes/volleyball/simone_gianelli_banner.png', 'Aces Per Season', 0, NULL, NULL, '2026-04-19 06:06:29'),
(91, 'max_holt', 'Max Holt', 1, 25, 'images/athletes/volleyball/max_holt.png', 'images/athletes/volleyball/max_holt_banner.png', 'Aces Per Season', 0, NULL, NULL, '2026-04-19 06:06:30'),
(92, 'ivan_zaytsev', 'Ivan Zaytsev', 1, 47, 'images/athletes/volleyball/ivan_zaytsev.png', 'images/athletes/volleyball/ivan_zaytsev_banner.png', 'Aces Per Season', 0, NULL, NULL, '2026-04-19 06:06:30'),
(93, 'bartosz_kurek', 'Bartosz Kurek', 1, 86, 'images/athletes/volleyball/bartosz_kurek.png', 'images/athletes/volleyball/bartosz_kurek_banner.png', 'Aces Per Season', 0, NULL, NULL, '2026-04-19 06:06:30'),
(94, 'masahiro_yanagida', 'Masahiro Yanagida', 1, 56, 'images/athletes/volleyball/masahiro_yanagida.png', 'images/athletes/volleyball/masahiro_yanagida_banner.png', 'Aces Per Season', 0, NULL, NULL, '2026-04-19 06:06:30'),
(95, 'ran_takahashi', 'Ran Takahashi', 1, 56, 'images/athletes/volleyball/ran_takahashi.png', 'images/athletes/volleyball/ran_takahashi_banner.png', 'Aces Per Season', 0, NULL, NULL, '2026-04-19 06:06:30'),
(96, 'yuki_ishikawa', 'Yuki Ishikawa', 1, 56, 'images/athletes/volleyball/yuki_ishikawa.png', 'images/athletes/volleyball/yuki_ishikawa_banner.png', 'Aces Per Season', 0, NULL, NULL, '2026-04-19 06:06:30'),
(97, 'lucarelli_souza', 'Ricardo Lucarelli', 1, 13, 'images/athletes/volleyball/lucarelli_souza.png', 'images/athletes/volleyball/lucarelli_souza_banner.png', 'Aces Per Season', 0, NULL, NULL, '2026-04-19 06:06:30'),
(98, 'tiger_woods', 'Tiger Woods', 7, 25, 'images/athletes/golf/tiger_woods.png', 'images/athletes/golf/tiger_woods_banner.png', 'Scoring Average (Lower is Better)', 0, NULL, NULL, '2026-04-19 06:06:30'),
(99, 'rory_mcilroy', 'Rory McIlroy', 7, 113, 'images/athletes/golf/rory_mcilroy.png', 'images/athletes/golf/rory_mcilroy_banner.png', 'Scoring Average (Lower is Better)', 0, NULL, NULL, '2026-04-19 06:06:30'),
(100, 'jon_rahm', 'Jon Rahm', 7, 11, 'images/athletes/golf/jon_rahm.png', 'images/athletes/golf/jon_rahm_banner.png', 'Scoring Average (Lower is Better)', 0, NULL, NULL, '2026-04-19 06:06:30'),
(101, 'scottie_scheffler', 'Scottie Scheffler', 7, 25, 'images/athletes/golf/scottie_scheffler.png', 'images/athletes/golf/scottie_scheffler_banner.png', 'Scoring Average (Lower is Better)', 0, NULL, NULL, '2026-04-19 06:06:30'),
(102, 'brooks_koepka', 'Brooks Koepka', 7, 25, 'images/athletes/golf/brooks_koepka.png', 'images/athletes/golf/brooks_koepka_banner.png', 'Scoring Average (Lower is Better)', 0, NULL, NULL, '2026-04-19 06:06:30'),
(103, 'jordan_spieth', 'Jordan Spieth', 7, 25, 'images/athletes/golf/jordan_spieth.png', 'images/athletes/golf/jordan_spieth_banner.png', 'Scoring Average (Lower is Better)', 0, NULL, NULL, '2026-04-19 06:06:30'),
(104, 'collin_morikawa', 'Collin Morikawa', 7, 25, 'images/athletes/golf/collin_morikawa.png', 'images/athletes/golf/collin_morikawa_banner.png', 'Scoring Average (Lower is Better)', 0, NULL, NULL, '2026-04-19 06:06:30'),
(105, 'xander_schauffele', 'Xander Schauffele', 7, 25, 'images/athletes/golf/xander_schauffele.png', 'images/athletes/golf/xander_schauffele_banner.png', 'Scoring Average (Lower is Better)', 0, NULL, NULL, '2026-04-19 06:06:31'),
(106, 'hideki_matsuyama', 'Hideki Matsuyama', 7, 56, 'images/athletes/golf/hideki_matsuyama.png', 'images/athletes/golf/hideki_matsuyama_banner.png', 'Scoring Average (Lower is Better)', 0, NULL, NULL, '2026-04-19 06:06:31'),
(107, 'patrick_cantlay', 'Patrick Cantlay', 7, 25, 'images/athletes/golf/patrick_cantlay.png', 'images/athletes/golf/patrick_cantlay_banner.png', 'Scoring Average (Lower is Better)', 0, NULL, NULL, '2026-04-19 06:06:31'),
(108, 'bryson_dechambeau', 'Bryson DeChambeau', 7, 25, 'images/athletes/golf/bryson_dechambeau.png', 'images/athletes/golf/bryson_dechambeau_banner.png', 'Scoring Average (Lower is Better)', 0, NULL, NULL, '2026-04-19 06:06:31'),
(109, 'justin_thomas', 'Justin Thomas', 7, 25, 'images/athletes/golf/justin_thomas.png', 'images/athletes/golf/justin_thomas_banner.png', 'Scoring Average (Lower is Better)', 0, NULL, NULL, '2026-04-19 06:06:31'),
(110, 'viktor_hovland', 'Viktor Hovland', 7, 9, 'images/athletes/golf/viktor_hovland.png', 'images/athletes/golf/viktor_hovland_banner.png', 'Scoring Average (Lower is Better)', 0, NULL, NULL, '2026-04-19 06:06:31'),
(111, 'shane_lowry', 'Shane Lowry', 7, 113, 'images/athletes/golf/shane_lowry.png', 'images/athletes/golf/shane_lowry_banner.png', 'Scoring Average (Lower is Better)', 0, NULL, NULL, '2026-04-19 06:06:31'),
(112, 'pogacar', 'Tadej Pogačar', 13, 36, 'images/athletes/cycling/pogacar.png', 'images/athletes/cycling/pogacar_banner.png', 'Race Wins Per Season', 0, NULL, NULL, '2026-04-19 06:06:31'),
(113, 'vdp', 'Mathieu van der Poel', 13, 23, 'images/athletes/cycling/vdp.png', 'images/athletes/cycling/vdp_banner.png', 'Race Wins Per Season', 0, NULL, NULL, '2026-04-19 06:06:31'),
(114, 'roglic', 'Primož Roglič', 13, 36, 'images/athletes/cycling/roglic.png', 'images/athletes/cycling/primoz-roglic-18655.webp', 'Race Wins Per Season', 0, NULL, NULL, '2026-04-19 06:06:31'),
(115, 'van_aert', 'Wout van Aert', 13, 19, 'images/athletes/cycling/van_aert.png', 'images/athletes/cycling/van_aert_banner.png', 'Race Wins Per Season', 0, NULL, NULL, '2026-04-19 06:06:31'),
(116, 'bernal', 'Egan Bernal', 13, 118, 'images/athletes/cycling/bernal.png', 'images/athletes/cycling/bernal_banner.png', 'Race Wins Per Season', 0, NULL, NULL, '2026-04-19 06:06:31'),
(117, 'alaphilippe', 'Julian Alaphilippe', 13, 6, 'images/athletes/cycling/alaphilippe.png', 'images/athletes/cycling/alaphilippe_banner.png', 'Race Wins Per Season', 0, NULL, NULL, '2026-04-19 06:06:31'),
(118, 'thomas', 'Geraint Thomas', 13, 51, 'images/athletes/cycling/thomas.png', 'images/athletes/cycling/thomas_banner.png', 'Race Wins Per Season', 0, NULL, NULL, '2026-04-19 06:06:31'),
(119, 'cavendish', 'Mark Cavendish', 13, 51, 'images/athletes/cycling/cavendish.png', 'images/athletes/cycling/cavendish_banner.png', 'Race Wins Per Season', 0, NULL, NULL, '2026-04-19 06:06:31'),
(121, 'yates_simon', 'Simon Yates', 13, 51, 'images/athletes/cycling/yates_simon.png', 'images/athletes/cycling/yates_simon_banner.png', 'Race Wins Per Season', 0, NULL, NULL, '2026-04-19 06:06:32'),
(122, 'carapaz', 'Richard Carapaz', 13, 124, 'images/athletes/cycling/carapaz.png', 'images/athletes/cycling/carapaz_banner.png', 'Race Wins Per Season', 0, NULL, NULL, '2026-04-19 06:06:32'),
(123, 'girmay', 'Biniam Girmay', 13, 125, 'images/athletes/cycling/girmay.png', 'images/athletes/cycling/girmay_banner.png', 'Race Wins Per Season', 0, NULL, NULL, '2026-04-19 06:06:32'),
(124, 'ovechkin', 'Alexander Ovechkin', 12, 77, 'images/athletes/hockey/ovechkin.png', 'images/athletes/hockey/ovechkin_banner.png', 'Goals Per Season', 0, NULL, NULL, '2026-04-19 06:06:32'),
(125, 'crosby', 'Sidney Crosby', 12, 52, 'images/athletes/hockey/crosby.png', 'images/athletes/hockey/crosby_banner.png', 'Goals Per Season', 0, NULL, NULL, '2026-04-19 06:06:32'),
(126, 'mcdavid', 'Connor McDavid', 12, 52, 'images/athletes/hockey/mcdavid.png', 'images/athletes/hockey/mcdavid_banner.png', 'Goals Per Season', 0, NULL, NULL, '2026-04-19 06:06:32'),
(127, 'matthews', 'Auston Matthews', 12, 25, 'images/athletes/hockey/matthews.png', 'images/athletes/hockey/matthews_banner.png', 'Goals Per Season', 0, NULL, NULL, '2026-04-19 06:06:32'),
(128, 'makar', 'Cale Makar', 12, 52, 'images/athletes/hockey/makar.png', 'images/athletes/hockey/makar_banner.png', 'Goals Per Season', 0, NULL, NULL, '2026-04-19 06:06:32'),
(129, 'draisaitl', 'Leon Draisaitl', 12, 22, 'images/athletes/hockey/draisaitl.png', 'images/athletes/hockey/draisaitl_banner.png', 'Goals Per Season', 0, NULL, NULL, '2026-04-19 06:06:32'),
(130, 'pastrnak', 'David Pastrňák', 12, 132, 'images/athletes/hockey/pastrnak.png', 'images/athletes/hockey/pastrnak_banner.png', 'Goals Per Season', 0, NULL, NULL, '2026-04-19 06:06:32'),
(131, 'kaprizov', 'Kirill Kaprizov', 12, 77, 'images/athletes/hockey/kaprizov.png', 'images/athletes/hockey/kaprizov_banner.png', 'Goals Per Season', 0, NULL, NULL, '2026-04-19 06:06:32'),
(132, 'marchand', 'Brad Marchand', 12, 52, 'images/athletes/hockey/marchand.png', 'images/athletes/hockey/marchand_banner.png', 'Goals Per Season', 0, NULL, NULL, '2026-04-19 06:06:32'),
(133, 'hughes_jack', 'Jack Hughes', 12, 25, 'images/athletes/hockey/hughes_jack.png', 'images/athletes/hockey/hughes_jack_banner.png', 'Goals Per Season', 0, NULL, NULL, '2026-04-19 06:06:32'),
(134, 'fox', 'Adam Fox', 12, 25, 'images/athletes/hockey/fox.png', 'images/athletes/hockey/fox_banner.png', 'Goals Per Season', 0, NULL, NULL, '2026-04-19 06:06:32'),
(135, 'point', 'Brayden Point', 12, 52, 'images/athletes/hockey/point.png', 'images/athletes/hockey/point_banner.png', 'Goals Per Season', 0, NULL, NULL, '2026-04-19 06:06:33'),
(136, 'hedman', 'Victor Hedman', 12, 18, 'images/athletes/hockey/hedman.png', 'images/athletes/hockey/hedman_banner.png', 'Goals Per Season', 0, NULL, NULL, '2026-04-19 06:06:33'),
(137, 'pettersson', 'Elias Pettersson', 12, 18, 'images/athletes/hockey/pettersson.png', 'images/athletes/hockey/pettersson_banner.png', 'Goals Per Season', 0, NULL, NULL, '2026-04-19 06:06:33'),
(138, 'stamkos', 'Steven Stamkos', 12, 52, 'images/athletes/hockey/stamkos.png', 'images/athletes/hockey/stamkos_banner.png', 'Goals Per Season', 0, NULL, NULL, '2026-04-19 06:06:33'),
(139, 'kipchoge', 'Eliud Kipchoge', 9, 141, 'images/athletes/running/kipchoge.png', 'images/athletes/running/kipchoge_banner.png', 'Marathon Times (minutes)', 0, NULL, NULL, '2026-04-19 06:06:33'),
(140, 'bolt', 'Usain Bolt', 9, 45, 'images/athletes/running/bolt.png', 'images/athletes/running/bolt_banner.png', '100m Times (seconds)', 0, NULL, NULL, '2026-04-19 06:06:33'),
(141, 'warholm', 'Karsten Warholm', 9, 9, 'images/athletes/running/warholm.png', 'images/athletes/running/warholm_banner.png', '400m Hurdle Times (seconds)', 0, NULL, NULL, '2026-04-19 06:06:33'),
(142, 'taylor', 'Christian Taylor', 9, 25, 'images/athletes/running/taylor.png', 'images/athletes/running/taylor_banner.png', 'Triple Jump Distances (meters)', 0, NULL, NULL, '2026-04-19 06:06:33'),
(143, 'james', 'Kirani James', 9, 145, 'images/athletes/running/james.png', 'images/athletes/running/james_banner.png', '400m Times (seconds)', 0, NULL, NULL, '2026-04-19 06:06:33'),
(144, 'duplantis', 'Armand Duplantis', 9, 18, 'images/athletes/running/duplantis.png', 'images/athletes/running/duplantis_banner.png', 'Pole Vault Heights (meters)', 0, NULL, NULL, '2026-04-19 06:06:33'),
(145, 'cheptegei', 'Joshua Cheptegei', 9, 147, 'images/athletes/running/cheptegei.png', 'images/athletes/running/cheptegei_banner.png', '5000m Times (seconds)', 0, NULL, NULL, '2026-04-19 06:06:33'),
(146, 'rutherford', 'Greg Rutherford', 9, 51, 'images/athletes/running/rutherford.png', 'images/athletes/running/rutherford_banner.png', 'Long Jump Distances (meters)', 0, NULL, NULL, '2026-04-19 06:06:33'),
(147, 'van_niekerk', 'Wayde van Niekerk', 9, 49, 'images/athletes/running/van_niekerk.png', 'images/athletes/running/van_niekerk_banner.png', '400m Times (seconds)', 0, NULL, NULL, '2026-04-19 06:06:33'),
(148, 'lasha', 'Lasha Talakhadze', 4, 150, 'images/athletes/weightlifting/lasha.png', 'images/athletes/weightlifting/lasha_banner.png', 'Total Lift (kg) Per Competition', 0, NULL, NULL, '2026-04-19 06:06:33'),
(149, 'tian_tao', 'Tian Tao', 4, 151, 'images/athletes/weightlifting/tian_tao.png', 'images/athletes/weightlifting/tian_tao_banner.png', 'Total Lift (kg) Per Competition', 0, NULL, NULL, '2026-04-19 06:06:33'),
(150, 'moradi', 'Sohrab Moradi', 4, 53, 'images/athletes/weightlifting/moradi.png', 'images/athletes/weightlifting/moradi_banner.png', 'Total Lift (kg) Per Competition', 0, NULL, NULL, '2026-04-19 06:06:33'),
(151, 'ilyin', 'Ilya Ilyin', 4, 153, 'images/athletes/weightlifting/ilyin.png', 'images/athletes/weightlifting/ilyin_banner.png', 'Total Lift (kg) Per Competition', 0, NULL, NULL, '2026-04-19 06:06:33'),
(152, 'djuraev', 'Akbar Djuraev', 4, 154, 'images/athletes/weightlifting/djuraev.png', 'images/athletes/weightlifting/djuraev_banner.png', 'Total Lift (kg) Per Competition', 0, NULL, NULL, '2026-04-19 06:06:34'),
(153, 'karlos_nasar', 'Karlos Nasar', 4, 155, 'images/athletes/weightlifting/nasar.png', 'images/athletes/weightlifting/nasar_banner.png', 'Total Lift (kg) Per Competition', 0, NULL, NULL, '2026-04-19 06:06:34'),
(154, 'li_fabing', 'Li Fabin', 4, 151, 'images/athletes/weightlifting/li_fabing.png', 'images/athletes/weightlifting/li_fabing_banner.png', 'Total Lift (kg) Per Competition', 0, NULL, NULL, '2026-04-19 06:06:34'),
(155, 'rahimov', 'Ruslan Nurudinov', 4, 154, 'images/athletes/weightlifting/rahimov.png', 'images/athletes/weightlifting/rahimov_banner.png', 'Total Lift (kg) Per Competition', 0, NULL, NULL, '2026-04-19 06:06:34'),
(156, 'meso', 'Meso Hassona', 4, 158, 'images/athletes/weightlifting/meso.png', 'images/athletes/weightlifting/meso_banner.png', 'Total Lift (kg) Per Competition', 0, NULL, NULL, '2026-04-19 06:06:34'),
(157, 'shi_zhiyong', 'Shi Zhiyong', 4, 151, 'images/athletes/weightlifting/shi_zhiyong.png', 'images/athletes/weightlifting/shi_zhiyong_banner.png', 'Total Lift (kg) Per Competition', 0, NULL, NULL, '2026-04-19 06:06:34'),
(158, 'lyu_xiaojun', 'Lü Xiaojun', 4, 151, 'images/athletes/weightlifting/lyu_xiaojun.png', 'images/athletes/weightlifting/lyu_xiaojun_banner.png', 'Total Lift (kg) Per Competition', 0, NULL, NULL, '2026-04-19 06:06:34'),
(159, 'chen_lijun', 'Chen Lijun', 4, 151, 'images/athletes/weightlifting/chen_lijun.png', 'images/athletes/weightlifting/chen_lijun_banner.png', 'Total Lift (kg) Per Competition', 0, NULL, NULL, '2026-04-19 06:06:34'),
(160, 'farris', 'Harrison Maurus', 4, 25, 'images/athletes/weightlifting/farris.png', 'images/athletes/weightlifting/farris_banner.png', 'Total Lift (kg) Per Competition', 0, NULL, NULL, '2026-04-19 06:06:34'),
(161, 'mirabai_chanu', 'Mirabai Chanu', 4, 163, 'images/athletes/weightlifting/mirabai_chanu.png', 'images/athletes/weightlifting/mirabai_chanu_banner.png', 'Total Lift (kg) Per Competition', 0, NULL, NULL, '2026-04-19 06:06:34'),
(162, 'kianoush_rostami', 'Kianoush Rostami', 4, 53, 'images/athletes/weightlifting/rostami.png', 'images/athletes/weightlifting/rostami_banner.png', 'Total Lift (kg) Per Competition', 0, NULL, NULL, '2026-04-19 06:06:35'),
(163, 'dmitry_klokov', 'Dmitry Klokov', 4, 77, 'images/athletes/weightlifting/klokov.png', 'images/athletes/weightlifting/klokov_banner.png', 'Total Lift (kg) Per Competition', 0, NULL, NULL, '2026-04-19 06:06:35'),
(164, 'michael_schumacher', 'Michael Schumacher', 16, 22, 'images/athletes/f1/schumacher.png', 'images/athletes/f1/schumacher_banner.png', 'Wins Per Season (Final 5 Seasons Before Retirement)', 0, NULL, NULL, '2026-04-19 06:06:35'),
(165, 'ayrton_senna', 'Ayrton Senna', 16, 13, 'images/athletes/f1/senna.png', 'images/athletes/f1/senna_banner.png', 'Wins Per Season (Final 5 Seasons)', 0, NULL, NULL, '2026-04-19 06:06:35'),
(166, 'lewis_hamilton', 'Lewis Hamilton', 16, 51, 'images/athletes/f1/hamilton.png', 'images/athletes/f1/hamilton_banner.png', 'Wins Per Season (Last 5 Seasons)', 0, NULL, NULL, '2026-04-19 06:06:35'),
(167, 'sebastian_vettel', 'Sebastian Vettel', 16, 22, 'images/athletes/f1/vettel.png', 'images/athletes/f1/vettel_banner.png', 'Wins Per Season (Final 5 Seasons)', 0, NULL, NULL, '2026-04-19 06:06:35'),
(168, 'fernando_alonso', 'Fernando Alonso', 16, 11, 'images/athletes/f1/alonso.png', 'images/athletes/f1/alonso_banner.png', 'Podiums Per Season (Last 5 Seasons)', 0, NULL, NULL, '2026-04-19 06:06:35'),
(169, 'niki_lauda', 'Niki Lauda', 16, 40, 'images/athletes/f1/lauda.png', 'images/athletes/f1/lauda_banner.png', 'Wins Per Season (Final 5 Seasons)', 0, NULL, NULL, '2026-04-19 06:06:35'),
(170, 'alain_prost', 'Alain Prost', 16, 6, 'images/athletes/f1/prost.png', 'images/athletes/f1/prost_banner.png', 'Wins Per Season (Final 5 Seasons)', 0, NULL, NULL, '2026-04-19 06:06:35'),
(171, 'juan_fangio', 'Juan Manuel Fangio', 16, 8, 'images/athletes/f1/fangio.png', 'images/athletes/f1/fangio_banner.png', 'Wins Per Season (Career Overview)', 0, NULL, NULL, '2026-04-19 06:06:35'),
(172, 'kimi_raikkonen', 'Kimi Räikkönen', 16, 174, 'images/athletes/f1/raikkonen.png', 'images/athletes/f1/raikkonen_banner.png', 'Podiums Per Season (Final 5 Seasons)', 0, NULL, NULL, '2026-04-19 06:06:35'),
(173, 'stirling_moss', 'Stirling Moss', 16, 51, 'images/athletes/f1/moss.png', 'images/athletes/f1/moss_banner.png', 'Wins Per Season (Career Overview)', 0, NULL, NULL, '2026-04-19 06:06:36'),
(174, 'jenson_button', 'Jenson Button', 16, 51, 'images/athletes/f1/button.png', 'images/athletes/f1/button_banner.png', 'Wins Per Season (Peak and Final Years)', 0, NULL, NULL, '2026-04-19 06:06:36'),
(175, 'gilles_villeneuve', 'Gilles Villeneuve', 16, 52, 'images/athletes/f1/villeneuve.png', 'images/athletes/f1/villeneuve_banner.png', 'Wins Per Season (Career Overview)', 0, NULL, NULL, '2026-04-19 06:06:36'),
(176, 'james_hunt', 'James Hunt', 16, 51, 'images/athletes/f1/hunt.png', 'images/athletes/f1/hunt_banner.png', 'Wins Per Season (Career Overview)', 0, NULL, NULL, '2026-04-19 06:06:36'),
(177, 'nelson_piquet', 'Nelson Piquet', 16, 13, 'images/athletes/f1/piguet.png', 'images/athletes/f1/piguet_banner.png', 'Wins Per Season (Final Seasons)', 0, NULL, NULL, '2026-04-19 06:06:36'),
(178, 'max_verstappen', 'Max Verstappen', 16, 23, 'images/athletes/f1/verstappen.png', 'images/athletes/f1/verstappen_banner.png', 'Wins Per Season (2020–2024)', 0, NULL, NULL, '2026-04-19 06:06:36'),
(179, 'charles_leclerc', 'Charles Leclerc', 16, 181, 'images/athletes/f1/leclerc.png', 'images/athletes/f1/leclerc_banner.png', 'Wins Per Season (2020–2024)', 0, NULL, NULL, '2026-04-19 06:06:36'),
(180, 'jon_jones', 'Jon Jones', 14, 25, 'images/athletes/mma/jon_jones.png', 'images/athletes/mma/jon_jones_banner.png', 'Titles Won (Last 5 Seasons)', 0, NULL, NULL, '2026-04-19 06:06:36'),
(181, 'khabib_nurmagomedov', 'Khabib Nurmagomedov', 14, 77, 'images/athletes/mma/khabib.png', 'images/athletes/mma/khabib_banner.png', 'Title Defenses Per Season', 0, NULL, NULL, '2026-04-19 06:06:37'),
(182, 'conor_mcgregor', 'Conor McGregor', 14, 113, 'images/athletes/mma/conor.png', 'images/athletes/mma/conor_banner.png', 'Wins Per Season (Last 5 Years)', 0, NULL, NULL, '2026-04-19 06:06:37'),
(183, 'anderson_silva', 'Anderson Silva', 14, 13, 'images/athletes/mma/silva.png', 'images/athletes/mma/silva_banner.png', 'Wins (Final 5 Years)', 0, NULL, NULL, '2026-04-19 06:06:37'),
(184, 'georges_st_pierre', 'Georges St-Pierre', 14, 52, 'images/athletes/mma/gsp.png', 'images/athletes/mma/gsp_banner.png', 'Wins Per Season (Career End)', 0, NULL, NULL, '2026-04-19 06:06:37'),
(185, 'francis_ngannou', 'Francis Ngannou', 14, 39, 'images/athletes/mma/ngannou.png', 'images/athletes/mma/ngannou_banner.png', 'Knockouts Per Season', 0, NULL, NULL, '2026-04-19 06:06:37'),
(186, 'islam_makhachev', 'Islam Makhachev', 14, 77, 'images/athletes/mma/islam.png', 'images/athletes/mma/islam_banner.png', 'Title Defenses Per Year', 0, NULL, NULL, '2026-04-19 06:06:37'),
(187, 'alex_pereira', 'Alex Pereira', 14, 13, 'images/athletes/mma/pereira.png', 'images/athletes/mma/pereira_banner.png', 'KO Wins Per Season', 0, NULL, NULL, '2026-04-19 06:06:37'),
(188, 'charles_oliveira', 'Charles Oliveira', 14, 13, 'images/athletes/mma/oliveira.png', 'images/athletes/mma/oliveira_banner.png', 'Submission Wins Per Season', 0, NULL, NULL, '2026-04-19 06:06:37'),
(189, 'leon_edwards', 'Leon Edwards', 14, 51, 'images/athletes/mma/edwards.png', 'images/athletes/mma/edwards_banner.png', 'Decision Wins Per Season', 0, NULL, NULL, '2026-04-19 06:06:37'),
(190, 'sean_omalley', 'Sean O\'Malley', 14, 25, 'images/athletes/mma/omalley.png', 'images/athletes/mma/omalley_banner.png', 'KO Wins Per Season', 0, NULL, NULL, '2026-04-19 06:06:38'),
(191, 'aljamain_sterling', 'Aljamain Sterling', 14, 25, 'images/athletes/mma/sterling.png', 'images/athletes/mma/sterling_banner.png', 'Submission Wins Per Season', 0, NULL, NULL, '2026-04-19 06:06:38'),
(192, 'max_holloway', 'Max Holloway', 14, 25, 'images/athletes/mma/holloway.png', 'images/athletes/mma/holloway_banner.png', 'Significant Strikes per Fight', 0, NULL, NULL, '2026-04-19 06:06:38'),
(193, 'alex_volkanovski', 'Alexander Volkanovski', 14, 80, 'images/athletes/mma/volkanovski.png', 'images/athletes/mma/volkanovski_banner.png', 'Title Defenses Per Year', 0, NULL, NULL, '2026-04-19 06:06:38'),
(194, 'michael_phelps', 'Michael Phelps', 8, 25, 'images/athletes/swimming/phelps.png', 'images/athletes/swimming/phelps_banner.png', 'Olympic Medals Per Games', 0, NULL, NULL, '2026-04-19 06:06:38'),
(195, 'katie_ledecky', 'Katie Ledecky', 8, 25, 'images/athletes/swimming/ledecky.png', 'images/athletes/swimming/ledecky_banner.png', 'Gold Medals Per Major Competition', 0, NULL, NULL, '2026-04-19 06:06:38'),
(196, 'caeleb_dressel', 'Caeleb Dressel', 8, 25, 'images/athletes/swimming/dressel.png', 'images/athletes/swimming/dressel_banner.png', 'World Titles Per Year', 0, NULL, NULL, '2026-04-19 06:06:38'),
(197, 'adam_peaty', 'Adam Peaty', 8, 51, 'images/athletes/swimming/peaty.png', 'images/athletes/swimming/peaty_banner.png', 'World Records Broken Per Year', 0, NULL, NULL, '2026-04-19 06:06:38'),
(198, 'ariarne_titmus', 'Ariarne Titmus', 8, 80, 'images/athletes/swimming/titmus.png', 'images/athletes/swimming/titmus_banner.png', 'Major Gold Medals Per Year', 0, NULL, NULL, '2026-04-19 06:06:38'),
(199, 'muhammad_ali', 'Muhammad Ali', 10, 25, 'images/athletes/boxing/ali.png', 'images/athletes/boxing/ali_banner.png', 'Title Fight Wins Per Era', 0, NULL, NULL, '2026-04-19 06:06:38'),
(200, 'mike_tyson', 'Mike Tyson', 10, 25, 'images/athletes/boxing/tyson.png', 'images/athletes/boxing/tyson_banner.png', 'KO Wins Per Career Period', 0, NULL, NULL, '2026-04-19 06:06:38'),
(201, 'floyd_mayweather', 'Floyd Mayweather', 10, 25, 'images/athletes/boxing/mayweather.png', 'images/athletes/boxing/mayweather_banner.png', 'Major Fight Wins Per Era', 0, NULL, NULL, '2026-04-19 06:06:38'),
(202, 'canelo_alvarez', 'Canelo Álvarez', 10, 210, 'images/athletes/boxing/canelo.png', 'images/athletes/boxing/canelo_banner.png', 'Title Fight Wins Per Year', 0, NULL, NULL, '2026-04-19 06:06:38'),
(203, 'terence_crawford', 'Terence Crawford', 10, 25, 'images/athletes/boxing/crawford.png', 'images/athletes/boxing/crawford_banner.png', 'KO Wins Per Title Reign', 0, NULL, NULL, '2026-04-19 06:06:38'),
(204, 'ryan_murphy', 'Ryan Murphy', 8, 25, 'images/athletes/swimming/ryan_murphy.png', 'images/athletes/swimming/murphy_banner.png', 'Medals Per Major Competition', 0, NULL, NULL, '2026-04-19 06:06:38'),
(205, 'sarah_sjostrom', 'Sarah Sjöström', 8, 18, 'images/athletes/swimming/sarah_sjostrom.png', 'images/athletes/swimming/sjostrom_banner.png', 'World Championship Golds Per Event', 0, NULL, NULL, '2026-04-19 06:06:38'),
(206, 'lilly_king', 'Lilly King', 8, 25, 'images/athletes/swimming/lilly_king.png', 'images/athletes/swimming/king_banner.png', 'Breaststroke Records Broken', 0, NULL, NULL, '2026-04-19 06:06:39'),
(207, 'kristof_milak', 'Kristóf Milák', 8, 204, 'images/athletes/swimming/kristof_milak.png', 'images/athletes/swimming/milak_banner.png', 'Butterfly Event Wins', 0, NULL, NULL, '2026-04-19 06:06:40'),
(208, 'summer_mcintosh', 'Summer McIntosh', 8, 52, 'images/athletes/swimming/summer_mcintosh.png', 'images/athletes/swimming/mcintosh_banner.png', 'Record-breaking Performances', 0, NULL, NULL, '2026-04-19 06:06:40'),
(209, 'katinka_hosszu', 'Katinka Hosszú', 8, 204, 'images/athletes/swimming/katinka_hosszu.png', 'images/athletes/swimming/hosszu_banner.png', 'IM Event Dominance', 0, NULL, NULL, '2026-04-19 06:06:41'),
(210, 'tyson_fury', 'Tyson Fury', 10, 51, 'images/athletes/boxing/tyson_fury.png', 'images/athletes/boxing/fury_banner.png', 'Heavyweight Title Defenses', 0, NULL, NULL, '2026-04-19 06:06:42'),
(211, 'oleksandr_usyk', 'Oleksandr Usyk', 10, 213, 'images/athletes/boxing/oleksandr_usyk.png', 'images/athletes/boxing/usyk_banner.png', 'Unified Championship Wins', 0, NULL, NULL, '2026-04-19 06:06:43'),
(212, 'anthony_joshua', 'Anthony Joshua', 10, 51, 'images/athletes/boxing/joshua.png', 'images/athletes/boxing/joshua_banner.png', 'KO Percentage Per Year', 0, NULL, NULL, '2026-04-19 06:06:43'),
(213, 'deontay_wilder', 'Deontay Wilder', 10, 25, 'images/athletes/boxing/deontay_wilder.png', 'images/athletes/boxing/wilder_banner.png', 'Consecutive KO Streak', 0, NULL, NULL, '2026-04-19 06:06:43'),
(214, 'vasyl_lomachenko', 'Vasyl Lomachenko', 10, 213, 'images/athletes/boxing/vasyl_lomachenko.png', 'images/athletes/boxing/loma_banner.png', 'Title Fight Wins', 0, NULL, NULL, '2026-04-19 06:06:43'),
(215, 'naoya_inoue', 'Naoya Inoue', 10, 56, 'images/athletes/boxing/naoya_inoue.png', 'images/athletes/boxing/inoue_banner.png', 'KO Streak Per Division', 0, NULL, NULL, '2026-04-19 06:06:43'),
(216, 'gervonta_davis', 'Gervonta Davis', 10, 25, 'images/athletes/boxing/gervonta_davis.png', 'images/athletes/boxing/davis_banner.png', 'PPV Fight Knockouts', 0, NULL, NULL, '2026-04-19 06:06:43'),
(217, 'ryan_garcia', 'Ryan Garcia', 10, 25, 'images/athletes/boxing/ryan_garcia.png', 'images/athletes/boxing/garcia_banner.png', 'Social Media Fight Build-up', 0, NULL, NULL, '2026-04-19 06:06:43'),
(218, 'devin_haney', 'Devin Haney', 10, 25, 'images/athletes/boxing/devin_haney.png', 'images/athletes/boxing/haney_banner.png', 'Undisputed Championship Fights', 0, NULL, NULL, '2026-04-19 06:06:43'),
(219, 'artur_beterbiev', 'Artur Beterbiev', 10, 77, 'images/athletes/boxing/artur_beterbiev.png', 'images/athletes/boxing/beterbiev_banner.png', '100% KO Record Maintenance', 0, NULL, NULL, '2026-04-19 06:06:43'),
(220, 'lando_norris', 'Lando Norris', 16, 25, 'images/athletes/f1/lando_norris.png', 'images/athletes/f1/lando_norris_banner.png', 'Points Scored Per Season (Last 5 Seasons)', 0, NULL, NULL, '2026-04-19 06:06:44'),
(221, 'sara_samir', 'Sara Samir', 4, 1, 'images/athletes/weightlifting/sara_samir.png', 'images/athletes/weightlifting/sara_samir_banner.png', 'Total Lift (kg) – Snatch + Clean & Jerk Progression', 0, NULL, NULL, '2026-04-19 06:06:44'),
(222, 'omar_marmoush', 'Omar Marmoush', 2, 1, 'images/athletes/football/omar_marmoush.png', 'images/athletes/football/omar_marmoush_banner.png', 'Goals Scored Per Season', 0, NULL, NULL, '2026-04-19 06:06:44'),
(939, 'mohamed_salah', 'Mohamed Salah', 2, 1, 'images/athletes/egyptian-champions/mohamed_salah.jpg', NULL, NULL, 1, 2022, 'African Footballer of the Year (2017, 2018, 2022), Premier League Golden Boot (2018, 2019, 2022), PFA Players\' Player of the Year (2022), Premier League Champion (2020), UEFA Champions League winner (2019)', '2026-04-20 19:35:08'),
(940, 'mohamed_elneny', 'Mohamed Elneny', 2, 1, 'images/athletes/egyptian-champions/mohamed_elneny.jpg', NULL, NULL, 1, 2023, 'FA Cup winner with Arsenal (2017, 2020), Premier League runner-up (2023), Community Shield winner (2017, 2023), Egypt Africa Cup of Nations team captain (2021)', '2026-04-20 19:35:08'),
(942, 'mostafa_mohamed', 'Mostafa Mohamed', 2, 1, 'images/athletes/egyptian-champions/mostafa_mohamed.jpg', NULL, NULL, 1, 2023, 'Ligue 1 top Egyptian scorer with Nantes (2023), Coupe de France finalist (2023), AFCON 2023 quarter-finalist with Egypt', '2026-04-20 19:35:09'),
(943, 'mahmoud_trezeguet', 'Mahmoud Trezeguet', 2, 1, 'images/athletes/egyptian-champions/mahmoud_trezeguet.jpg', NULL, NULL, 1, 2023, 'Turkish Süper Lig Champion with Trabzonspor (2022), AFCON runner-up (2017, 2021), Turkish Cup winner (2023)', '2026-04-20 19:35:09'),
(944, 'ahmed_hegazi', 'Ahmed Hegazi', 2, 1, 'images/athletes/egyptian-champions/ahmed_hegazi.jpg', NULL, NULL, 1, 2023, 'Egypt national team captain (2023), Saudi Professional League champion with Al-Ittihad (2023), AFCON participant (2017, 2019, 2021, 2023)', '2026-04-20 19:35:09'),
(945, 'farida_osman', 'Farida Osman', 8, 1, 'images/athletes/egyptian-champions/farida_osman.jpg', NULL, NULL, 1, 2023, 'World Championship bronze medalist (2017, 2023), 14x African Champion (2012-2022), African Record holder in 50m Butterfly, Olympian (2012, 2016, 2020)', '2026-04-20 19:35:09'),
(946, 'marwan_elamrawy', 'Marwan Elamrawy', 8, 1, 'images/athletes/egyptian-champions/marwan_elamrawy.jpg', NULL, NULL, 1, 2023, 'World Aquatics Championships finalist (2023), African Games gold medalist (2023), Egyptian national record holder in 100m & 200m butterfly', '2026-04-20 19:35:09'),
(947, 'youssef_elkamash', 'Youssef Elkamash', 8, 1, 'images/athletes/egyptian-champions/youssef_elkamash.jpg', NULL, NULL, 1, 2023, 'African Championships gold medalist (2022, 2023), World Championships participant (2023), Egyptian record holder in 200m freestyle', '2026-04-20 19:35:09'),
(948, 'ebtissam_zayed', 'Ebtissam Zayed', 13, 1, 'images/athletes/egyptian-champions/ebtissam_zayed.jpg', NULL, NULL, 1, 2023, 'African Road Race Champion (2018, 2023), African Games gold medalist (2023), UCI World Championships participant (2023)', '2026-04-20 19:35:09'),
(949, 'yomna_ayyad', 'Yomna Ayyad', 10, 1, 'images/athletes/egyptian-champions/yomna_ayyad.jpg', NULL, NULL, 1, 2023, 'African Women\'s Boxing Champion (2022), World Boxing Championships bronze medalist (2023), Arab Games gold medalist (2023)', '2026-04-20 19:35:09'),
(950, 'yousry_hafez', 'Yousry Hafez', 10, 1, 'images/athletes/egyptian-champions/yousry_hafez.jpg', NULL, NULL, 1, 2023, 'Mediterranean Games gold medalist (2022), Arab Championships champion (2023), African Games silver (2023)', '2026-04-20 19:35:09'),
(951, 'big_ramy_mamdouh_elssbiay', 'Big Ramy (Mamdouh Elssbiay)', 5, 1, 'images/athletes/egyptian-champions/big_ramy.jpg', NULL, NULL, 1, 2023, 'Mr. Olympia winner (2020, 2021), Arnold Classic champion (2020), 4x Mr. Olympia top 3 finisher (2020-2023)', '2026-04-20 19:35:09'),
(952, 'mohamed_makkawy', 'Mohamed Makkawy', 5, 1, 'images/athletes/egyptian-champions/mohamed_makkawy.jpg', NULL, NULL, 1, 2023, 'Mr. Olympia runner-up (1983), IFBB Pro Hall of Fame, 3x IFBB Pro World champion, Judge in Mr. Olympia Egypt (2023)', '2026-04-20 19:35:10'),
(953, 'mohamed_shaaban', 'Mohamed Shaaban', 5, 1, 'images/athletes/egyptian-champions/mohamed_shaaban.jpg', NULL, NULL, 1, 2023, 'Mr. Olympia Egypt champion (2023), Arnold Classic Amateur winner (2023), IFBB Pro card holder (2023)', '2026-04-20 19:35:10'),
(954, 'nada_meawad', 'Nada Meawad', 1, 1, 'images/athletes/egyptian-champions/nada_meawad.jpg', NULL, NULL, 1, 2023, 'African Women\'s Championship bronze (2021, 2023), Arab Club Championship winner (2022), Egyptian League MVP (2023)', '2026-04-20 19:35:10'),
(955, 'ahmed_afifi', 'Ahmed Afifi', 1, 1, 'images/athletes/egyptian-champions/ahmed_afifi.jpg', NULL, NULL, 1, 2023, 'Egyptian Volleyball League MVP (2023), African Club Championship champion (2023), Arab Championships gold (2023)', '2026-04-20 19:35:10'),
(956, 'amr_el_gendy', 'Amr El Gendy', 3, 1, 'images/athletes/egyptian-champions/amr_el_gendy.jpg', NULL, NULL, 1, 2023, 'Egyptian Basketball League top scorer (2018, 2022, 2023), Arab Club Championship winner (2019, 2023), FIBA Africa Clubs Champions Cup silver (2023)', '2026-04-20 19:35:10'),
(957, 'soraia_deghady', 'Soraia Deghady', 3, 1, 'images/athletes/egyptian-champions/soraia_deghady.jpg', NULL, NULL, 1, 2023, 'Women\'s African Championship participant (2019, 2023), Arab Women\'s Championship gold (2023), Egyptian Women\'s League MVP (2022, 2023)', '2026-04-20 19:35:10'),
(958, 'mohamed_gamal', 'Mohamed Gamal', 14, 1, 'images/athletes/egyptian-champions/mohamed_gamal.jpg', NULL, NULL, 1, 2023, 'UFC Fight Night participant (2023), Egyptian MMA Federation champion (2023), Arab Games gold medalist (2023)', '2026-04-20 19:35:10');
INSERT INTO `athletes` (`id`, `slug`, `name`, `sport_id`, `country_id`, `image`, `banner`, `chart_about`, `is_egyptian_champion`, `champion_year`, `achievements`, `created_at`) VALUES
(959, 'mayar_sherif', 'Mayar Sherif', 6, 1, 'images/athletes/egyptian-champions/mayar_sherif.jpg', NULL, NULL, 1, 2023, 'First Egyptian woman to win WTA title (2021), highest-ranked Egyptian female (No. 31), 3x WTA 125 champion (2023), African Games gold (2023)', '2026-04-20 19:35:10'),
(960, 'mohamed_safwat', 'Mohamed Safwat', 6, 1, 'images/athletes/egyptian-champions/mohamed_safwat.jpg', NULL, NULL, 1, 2023, 'Egyptian No. 1 tennis player, ATP Challenger Tour winner (2020, 2023), Davis Cup team captain (2023), African Games gold (2023)', '2026-04-20 19:35:10'),
(961, 'karim_mohamed_maamoun', 'Karim-Mohamed Maamoun', 6, 1, 'images/athletes/egyptian-champions/karim_maamoun.jpg', NULL, NULL, 1, 2023, 'Egyptian Davis Cup team member (2015-2023), African Games gold (2023), 5x Egyptian National champion (2018-2023)', '2026-04-20 19:35:10'),
(962, 'sandra_samir', 'Sandra Samir', 6, 1, 'images/athletes/egyptian-champions/sandra_samir.jpg', NULL, NULL, 1, 2023, 'Egyptian No. 2 female tennis player, ITF Women\'s Circuit winner (2023), African Games silver (2023)', '2026-04-20 19:35:10'),
(963, 'youssef_hossam', 'Youssef Hossam', 6, 1, 'images/athletes/egyptian-champions/youssef_hossam.jpg', NULL, NULL, 1, 2023, 'ATP Tour participant (2023), Egyptian National Champion (2023), Davis Cup team member (2023)', '2026-04-20 19:35:10'),
(964, 'sara_ahmed_samir', 'Sara Ahmed Samir', 4, 1, 'images/athletes/egyptian-champions/sara_samir.jpg', NULL, NULL, 1, 2024, 'Silver medal in the Women’s 81 kg weightlifting event at the 2024 Paris Olympics with a total lift of 268 kg (117 kg snatch + 151 kg clean & jerk). She is also an Olympic bronze medallist from Rio 2016 and a world championship medallist with multiple titles at international weightlifting events.', '2026-04-20 19:35:10'),
(966, 'omar marmoush', 'Omar Marmoush', 2, 1, 'images/athletes/egyptian-champions/omar_marmoush.jpg', NULL, NULL, 1, 2024, 'VfB Stuttgart Player of the Season (2023), Bundesliga breakthrough star (2023), Egypt national team top scorer in 2026 WC qualifiers (2023)', '2026-04-19 06:06:44'),
(967, 'yates_adam', 'Adam Yates', 13, 51, 'images/athletes/cycling/yates_adam.png', 'images/athletes/cycling/yates_adam_banner.png', 'Race Wins Per Season', 0, NULL, NULL, '2026-04-27 21:16:40');

-- --------------------------------------------------------

--
-- Table structure for table `athlete_chart`
--

CREATE TABLE `athlete_chart` (
  `id` int(10) UNSIGNED NOT NULL,
  `athlete_id` int(10) UNSIGNED NOT NULL,
  `chart_year` smallint(6) NOT NULL,
  `chart_value` smallint(6) NOT NULL
) ENGINE=InnoDB DEFAULT CHARSET=utf8mb4 COLLATE=utf8mb4_general_ci;

--
-- Dumping data for table `athlete_chart`
--

INSERT INTO `athlete_chart` (`id`, `athlete_id`, `chart_year`, `chart_value`) VALUES
(1, 1, 2020, 22),
(2, 1, 2021, 27),
(3, 1, 2022, 23),
(4, 1, 2023, 31),
(5, 1, 2024, 25),
(6, 2, 2020, 2),
(7, 2, 2021, 3),
(8, 2, 2022, 1),
(9, 2, 2023, 4),
(10, 2, 2024, 2),
(11, 3, 2020, 30),
(12, 3, 2021, 42),
(13, 3, 2022, 39),
(14, 3, 2023, 41),
(15, 3, 2024, 44),
(16, 4, 2020, 37),
(17, 4, 2021, 36),
(18, 4, 2022, 32),
(19, 4, 2023, 28),
(20, 4, 2024, 35),
(21, 5, 2020, 13),
(22, 5, 2021, 17),
(23, 5, 2022, 15),
(24, 5, 2023, 18),
(25, 5, 2024, 8),
(26, 6, 2020, 30),
(27, 6, 2021, 38),
(28, 6, 2022, 29),
(29, 6, 2023, 21),
(30, 6, 2024, 28),
(31, 7, 2020, 6),
(32, 7, 2021, 5),
(33, 7, 2022, 3),
(34, 7, 2023, 4),
(35, 7, 2024, 2),
(36, 8, 2020, 23),
(37, 8, 2021, 33),
(38, 8, 2022, 27),
(39, 8, 2023, 32),
(40, 8, 2024, 44),
(41, 9, 2008, 12),
(42, 9, 2009, 15),
(43, 9, 2010, 8),
(44, 9, 2011, 5),
(45, 9, 2012, 2),
(46, 10, 2020, 10),
(47, 10, 2021, 17),
(48, 10, 2022, 15),
(49, 10, 2023, 8),
(50, 10, 2024, 0),
(51, 11, 2020, 13),
(52, 11, 2021, 10),
(53, 11, 2022, 19),
(54, 11, 2023, 7),
(55, 11, 2024, 4),
(56, 12, 2020, 20),
(57, 12, 2021, 14),
(58, 12, 2022, 17),
(59, 12, 2023, 9),
(60, 12, 2024, 10),
(61, 13, 2020, 22),
(62, 13, 2021, 23),
(63, 13, 2022, 24),
(64, 13, 2023, 14),
(65, 13, 2024, 17),
(66, 14, 2020, 4),
(67, 14, 2021, 5),
(68, 14, 2022, 3),
(69, 14, 2023, 6),
(70, 14, 2024, 2),
(71, 15, 2020, 15),
(72, 15, 2021, 20),
(73, 15, 2022, 12),
(74, 15, 2023, 9),
(75, 15, 2024, 8),
(76, 16, 2020, 10),
(77, 16, 2021, 13),
(78, 16, 2022, 8),
(79, 16, 2023, 11),
(80, 16, 2024, 6),
(81, 17, 2020, 41),
(82, 17, 2021, 36),
(83, 17, 2022, 52),
(84, 17, 2023, 38),
(85, 17, 2024, 44),
(86, 18, 2021, 0),
(87, 18, 2022, 2),
(88, 18, 2023, 5),
(89, 18, 2024, 7),
(90, 18, 2025, 8),
(91, 19, 2021, 0),
(92, 19, 2022, 0),
(93, 19, 2023, 5),
(94, 19, 2024, 8),
(95, 19, 2025, 12),
(96, 20, 1986, 10),
(97, 20, 1987, 18),
(98, 20, 1988, 25),
(99, 20, 1989, 30),
(100, 20, 1990, 22),
(101, 20, 1991, 28),
(102, 20, 1992, 20),
(103, 21, 1958, 30),
(104, 21, 1959, 40),
(105, 21, 1960, 50),
(106, 21, 1961, 60),
(107, 21, 1962, 55),
(108, 21, 1963, 45),
(109, 21, 1964, 35),
(110, 22, 2020, 1850),
(111, 22, 2021, 1920),
(112, 22, 2022, 1780),
(113, 22, 2023, 1650),
(114, 22, 2024, 1580),
(115, 23, 2020, 1680),
(116, 23, 2021, 1750),
(117, 23, 2022, 1820),
(118, 23, 2023, 1890),
(119, 23, 2024, 1950),
(120, 24, 2020, 1720),
(121, 24, 2021, 1850),
(122, 24, 2022, 1780),
(123, 24, 2023, 1920),
(124, 24, 2024, 1880),
(125, 25, 1993, 2400),
(126, 25, 1994, 2350),
(127, 25, 1995, 2300),
(128, 25, 1996, 2250),
(129, 25, 1997, 2200),
(130, 26, 2020, 1820),
(131, 26, 2021, 1880),
(132, 26, 2022, 1950),
(133, 26, 2023, 2020),
(134, 26, 2024, 2080),
(135, 27, 2020, 1520),
(136, 27, 2021, 1580),
(137, 27, 2022, 1620),
(138, 27, 2023, 1680),
(139, 27, 2024, 1720),
(140, 28, 2020, 1880),
(141, 28, 2021, 1920),
(142, 28, 2022, 1850),
(143, 28, 2023, 1780),
(144, 28, 2024, 1720),
(145, 29, 2020, 1720),
(146, 29, 2021, 1780),
(147, 29, 2022, 1820),
(148, 29, 2023, 1750),
(149, 29, 2024, 1680),
(150, 30, 2020, 1880),
(151, 30, 2021, 1920),
(152, 30, 2022, 1980),
(153, 30, 2023, 2020),
(154, 30, 2024, 2080),
(155, 31, 2020, 1720),
(156, 31, 2021, 1780),
(157, 31, 2022, 1820),
(158, 31, 2023, 1880),
(159, 31, 2024, 1920),
(160, 32, 2020, 1820),
(161, 32, 2021, 1880),
(162, 32, 2022, 1950),
(163, 32, 2023, 2020),
(164, 32, 2024, 2080),
(165, 33, 2020, 1920),
(166, 33, 2021, 1980),
(167, 33, 2022, 2050),
(168, 33, 2023, 2120),
(169, 33, 2024, 2180),
(170, 34, 2020, 1820),
(171, 34, 2021, 1780),
(172, 34, 2022, 1720),
(173, 34, 2023, 1680),
(174, 34, 2024, 1620),
(175, 35, 2020, 1680),
(176, 35, 2021, 1720),
(177, 35, 2022, 1780),
(178, 35, 2023, 1820),
(179, 35, 2024, 1880),
(180, 36, 2020, 1920),
(181, 36, 2021, 1980),
(182, 36, 2022, 2050),
(183, 36, 2023, 2120),
(184, 36, 2024, 2180),
(185, 37, 1970, 95),
(186, 37, 1971, 96),
(187, 37, 1972, 97),
(188, 37, 1973, 98),
(189, 37, 1974, 98),
(190, 38, 1998, 92),
(191, 38, 1999, 94),
(192, 38, 2000, 96),
(193, 38, 2001, 98),
(194, 38, 2002, 99),
(195, 39, 2011, 90),
(196, 39, 2012, 92),
(197, 39, 2013, 94),
(198, 39, 2014, 96),
(199, 39, 2015, 97),
(200, 40, 2006, 88),
(201, 40, 2007, 90),
(202, 40, 2008, 92),
(203, 40, 2009, 94),
(204, 40, 2010, 95),
(205, 41, 2008, 85),
(206, 41, 2009, 88),
(207, 41, 2010, 90),
(208, 41, 2011, 92),
(209, 41, 2012, 94),
(210, 42, 2016, 82),
(211, 42, 2017, 85),
(212, 42, 2018, 88),
(213, 42, 2019, 90),
(214, 42, 2020, 92),
(215, 43, 1992, 80),
(216, 43, 1993, 82),
(217, 43, 1994, 85),
(218, 43, 1995, 88),
(219, 43, 1996, 90),
(220, 44, 1970, 78),
(221, 44, 1971, 80),
(222, 44, 1972, 82),
(223, 44, 1973, 85),
(224, 44, 1974, 88),
(225, 45, 1993, 85),
(226, 45, 1994, 87),
(227, 45, 1995, 89),
(228, 45, 1996, 91),
(229, 45, 1997, 93),
(230, 46, 2006, 75),
(231, 46, 2007, 78),
(232, 46, 2008, 80),
(233, 46, 2009, 82),
(234, 46, 2010, 85),
(235, 47, 2019, 82),
(236, 47, 2020, 85),
(237, 47, 2021, 88),
(238, 47, 2022, 90),
(239, 47, 2023, 92),
(240, 48, 1992, 88),
(241, 48, 1993, 90),
(242, 48, 1994, 92),
(243, 48, 1995, 94),
(244, 48, 1996, 96),
(245, 49, 2020, 85),
(246, 49, 2021, 87),
(247, 49, 2022, 89),
(248, 49, 2023, 91),
(249, 49, 2024, 93),
(250, 50, 2020, 80),
(251, 50, 2021, 82),
(252, 50, 2022, 85),
(253, 50, 2023, 88),
(254, 50, 2024, 90),
(255, 51, 2019, 75),
(256, 51, 2020, 78),
(257, 51, 2021, 80),
(258, 51, 2022, 82),
(259, 51, 2023, 85),
(260, 52, 2019, 88),
(261, 52, 2020, 90),
(262, 52, 2021, 92),
(263, 52, 2022, 94),
(264, 52, 2023, 96),
(265, 53, 2020, 42),
(266, 53, 2021, 45),
(267, 53, 2022, 48),
(268, 53, 2023, 50),
(269, 53, 2024, 52),
(270, 54, 2020, 45),
(271, 54, 2021, 48),
(272, 54, 2022, 52),
(273, 54, 2023, 55),
(274, 54, 2024, 58),
(275, 55, 2020, 38),
(276, 55, 2021, 40),
(277, 55, 2022, 42),
(278, 55, 2023, 45),
(279, 55, 2024, 48),
(280, 56, 2020, 20),
(281, 56, 2021, 22),
(282, 56, 2022, 24),
(283, 56, 2023, 25),
(284, 56, 2024, 25),
(285, 57, 2020, 32),
(286, 57, 2021, 35),
(287, 57, 2022, 38),
(288, 57, 2023, 40),
(289, 57, 2024, 42),
(290, 58, 2020, 30),
(291, 58, 2021, 32),
(292, 58, 2022, 35),
(293, 58, 2023, 38),
(294, 58, 2024, 38),
(295, 59, 2020, 28),
(296, 59, 2021, 30),
(297, 59, 2022, 32),
(298, 59, 2023, 35),
(299, 59, 2024, 35),
(300, 60, 2020, 25),
(301, 60, 2021, 28),
(302, 60, 2022, 30),
(303, 60, 2023, 32),
(304, 60, 2024, 32),
(305, 61, 2020, 24),
(306, 61, 2021, 26),
(307, 61, 2022, 28),
(308, 61, 2023, 30),
(309, 61, 2024, 30),
(310, 62, 2020, 22),
(311, 62, 2021, 25),
(312, 62, 2022, 28),
(313, 62, 2023, 30),
(314, 62, 2024, 30),
(315, 63, 2020, 20),
(316, 63, 2021, 22),
(317, 63, 2022, 25),
(318, 63, 2023, 28),
(319, 63, 2024, 28),
(320, 64, 2020, 18),
(321, 64, 2021, 20),
(322, 64, 2022, 22),
(323, 64, 2023, 25),
(324, 64, 2024, 25),
(325, 65, 2020, 18),
(326, 65, 2021, 20),
(327, 65, 2022, 22),
(328, 65, 2023, 24),
(329, 65, 2024, 24),
(330, 66, 2020, 15),
(331, 66, 2021, 18),
(332, 66, 2022, 20),
(333, 66, 2023, 23),
(334, 66, 2024, 23),
(335, 67, 2020, 15),
(336, 67, 2021, 18),
(337, 67, 2022, 20),
(338, 67, 2023, 22),
(339, 67, 2024, 22),
(340, 68, 2020, 12),
(341, 68, 2021, 15),
(342, 68, 2022, 18),
(343, 68, 2023, 20),
(344, 68, 2024, 20),
(345, 69, 2015, 85),
(346, 69, 2016, 88),
(347, 69, 2017, 92),
(348, 69, 2018, 95),
(349, 69, 2019, 98),
(350, 70, 2020, 88),
(351, 70, 2021, 90),
(352, 70, 2022, 92),
(353, 70, 2023, 94),
(354, 70, 2024, 96),
(355, 71, 2020, 88),
(356, 71, 2021, 90),
(357, 71, 2022, 92),
(358, 71, 2023, 94),
(359, 71, 2024, 96),
(360, 72, 2020, 75),
(361, 72, 2021, 78),
(362, 72, 2022, 80),
(363, 72, 2023, 82),
(364, 72, 2024, 85),
(365, 73, 2020, 82),
(366, 73, 2021, 85),
(367, 73, 2022, 88),
(368, 73, 2023, 90),
(369, 73, 2024, 92),
(370, 74, 2020, 72),
(371, 74, 2021, 75),
(372, 74, 2022, 78),
(373, 74, 2023, 80),
(374, 74, 2024, 82),
(375, 75, 2020, 78),
(376, 75, 2021, 80),
(377, 75, 2022, 82),
(378, 75, 2023, 85),
(379, 75, 2024, 88),
(380, 76, 2020, 75),
(381, 76, 2021, 78),
(382, 76, 2022, 80),
(383, 76, 2023, 82),
(384, 76, 2024, 85),
(385, 77, 2020, 72),
(386, 77, 2021, 75),
(387, 77, 2022, 78),
(388, 77, 2023, 80),
(389, 77, 2024, 82),
(390, 78, 2020, 68),
(391, 78, 2021, 70),
(392, 78, 2022, 72),
(393, 78, 2023, 75),
(394, 78, 2024, 78),
(395, 79, 2021, 65),
(396, 79, 2022, 68),
(397, 79, 2023, 72),
(398, 79, 2024, 75),
(399, 79, 2025, 78),
(400, 80, 2020, 72),
(401, 80, 2021, 75),
(402, 80, 2022, 78),
(403, 80, 2023, 82),
(404, 80, 2024, 85),
(405, 81, 2020, 70),
(406, 81, 2021, 72),
(407, 81, 2022, 75),
(408, 81, 2023, 78),
(409, 81, 2024, 80),
(410, 82, 2020, 65),
(411, 82, 2021, 68),
(412, 82, 2022, 70),
(413, 82, 2023, 72),
(414, 82, 2024, 75),
(415, 83, 2020, 68),
(416, 83, 2021, 70),
(417, 83, 2022, 72),
(418, 83, 2023, 75),
(419, 83, 2024, 78),
(420, 84, 2020, 45),
(421, 84, 2021, 48),
(422, 84, 2022, 52),
(423, 84, 2023, 55),
(424, 84, 2024, 58),
(425, 85, 2020, 35),
(426, 85, 2021, 38),
(427, 85, 2022, 40),
(428, 85, 2023, 42),
(429, 85, 2024, 45),
(430, 86, 2020, 32),
(431, 86, 2021, 35),
(432, 86, 2022, 38),
(433, 86, 2023, 40),
(434, 86, 2024, 42),
(435, 87, 2020, 25),
(436, 87, 2021, 28),
(437, 87, 2022, 30),
(438, 87, 2023, 32),
(439, 87, 2024, 35),
(440, 88, 2020, 28),
(441, 88, 2021, 30),
(442, 88, 2022, 32),
(443, 88, 2023, 35),
(444, 88, 2024, 38),
(445, 89, 2020, 20),
(446, 89, 2021, 22),
(447, 89, 2022, 24),
(448, 89, 2023, 26),
(449, 89, 2024, 28),
(450, 90, 2020, 18),
(451, 90, 2021, 20),
(452, 90, 2022, 22),
(453, 90, 2023, 24),
(454, 90, 2024, 25),
(455, 91, 2020, 15),
(456, 91, 2021, 18),
(457, 91, 2022, 20),
(458, 91, 2023, 22),
(459, 91, 2024, 22),
(460, 92, 2020, 25),
(461, 92, 2021, 28),
(462, 92, 2022, 30),
(463, 92, 2023, 32),
(464, 92, 2024, 35),
(465, 93, 2020, 20),
(466, 93, 2021, 22),
(467, 93, 2022, 24),
(468, 93, 2023, 26),
(469, 93, 2024, 28),
(470, 94, 2020, 12),
(471, 94, 2021, 14),
(472, 94, 2022, 16),
(473, 94, 2023, 18),
(474, 94, 2024, 18),
(475, 95, 2020, 15),
(476, 95, 2021, 18),
(477, 95, 2022, 20),
(478, 95, 2023, 22),
(479, 95, 2024, 22),
(480, 96, 2020, 22),
(481, 96, 2021, 25),
(482, 96, 2022, 28),
(483, 96, 2023, 30),
(484, 96, 2024, 32),
(485, 97, 2020, 22),
(486, 97, 2021, 24),
(487, 97, 2022, 26),
(488, 97, 2023, 28),
(489, 97, 2024, 30),
(490, 98, 2015, 285),
(491, 98, 2016, 288),
(492, 98, 2017, 292),
(493, 98, 2018, 295),
(494, 98, 2019, 298),
(495, 99, 2020, 278),
(496, 99, 2021, 275),
(497, 99, 2022, 272),
(498, 99, 2023, 270),
(499, 99, 2024, 268),
(500, 100, 2020, 275),
(501, 100, 2021, 272),
(502, 100, 2022, 270),
(503, 100, 2023, 268),
(504, 100, 2024, 265),
(505, 101, 2020, 272),
(506, 101, 2021, 270),
(507, 101, 2022, 268),
(508, 101, 2023, 265),
(509, 101, 2024, 262),
(510, 102, 2020, 278),
(511, 102, 2021, 275),
(512, 102, 2022, 272),
(513, 102, 2023, 270),
(514, 102, 2024, 268),
(515, 103, 2020, 280),
(516, 103, 2021, 278),
(517, 103, 2022, 275),
(518, 103, 2023, 272),
(519, 103, 2024, 270),
(520, 104, 2020, 275),
(521, 104, 2021, 272),
(522, 104, 2022, 270),
(523, 104, 2023, 268),
(524, 104, 2024, 265),
(525, 105, 2020, 272),
(526, 105, 2021, 270),
(527, 105, 2022, 268),
(528, 105, 2023, 265),
(529, 105, 2024, 262),
(530, 106, 2020, 275),
(531, 106, 2021, 272),
(532, 106, 2022, 270),
(533, 106, 2023, 268),
(534, 106, 2024, 265),
(535, 107, 2020, 272),
(536, 107, 2021, 270),
(537, 107, 2022, 268),
(538, 107, 2023, 265),
(539, 107, 2024, 262),
(540, 108, 2020, 278),
(541, 108, 2021, 275),
(542, 108, 2022, 272),
(543, 108, 2023, 270),
(544, 108, 2024, 268),
(545, 109, 2020, 272),
(546, 109, 2021, 270),
(547, 109, 2022, 268),
(548, 109, 2023, 265),
(549, 109, 2024, 262),
(550, 110, 2020, 270),
(551, 110, 2021, 268),
(552, 110, 2022, 265),
(553, 110, 2023, 262),
(554, 110, 2024, 260),
(555, 111, 2020, 278),
(556, 111, 2021, 275),
(557, 111, 2022, 272),
(558, 111, 2023, 270),
(559, 111, 2024, 268),
(560, 112, 2020, 8),
(561, 112, 2021, 12),
(562, 112, 2022, 15),
(563, 112, 2023, 18),
(564, 112, 2024, 22),
(565, 113, 2020, 10),
(566, 113, 2021, 12),
(567, 113, 2022, 15),
(568, 113, 2023, 18),
(569, 113, 2024, 20),
(570, 114, 2020, 12),
(571, 114, 2021, 15),
(572, 114, 2022, 18),
(573, 114, 2023, 20),
(574, 114, 2024, 22),
(575, 115, 2020, 10),
(576, 115, 2021, 12),
(577, 115, 2022, 15),
(578, 115, 2023, 18),
(579, 115, 2024, 20),
(580, 116, 2020, 6),
(581, 116, 2021, 8),
(582, 116, 2022, 10),
(583, 116, 2023, 12),
(584, 116, 2024, 15),
(585, 117, 2020, 8),
(586, 117, 2021, 10),
(587, 117, 2022, 12),
(588, 117, 2023, 15),
(589, 117, 2024, 18),
(590, 118, 2020, 5),
(591, 118, 2021, 6),
(592, 118, 2022, 8),
(593, 118, 2023, 10),
(594, 118, 2024, 12),
(595, 119, 2020, 15),
(596, 119, 2021, 18),
(597, 119, 2022, 20),
(598, 119, 2023, 22),
(599, 119, 2024, 25),
(605, 121, 2020, 6),
(606, 121, 2021, 8),
(607, 121, 2022, 10),
(608, 121, 2023, 12),
(609, 121, 2024, 15),
(610, 122, 2020, 4),
(611, 122, 2021, 5),
(612, 122, 2022, 6),
(613, 122, 2023, 8),
(614, 122, 2024, 10),
(615, 123, 2021, 2),
(616, 123, 2022, 4),
(617, 123, 2023, 6),
(618, 123, 2024, 8),
(619, 123, 2025, 10),
(620, 124, 2020, 45),
(621, 124, 2021, 48),
(622, 124, 2022, 50),
(623, 124, 2023, 52),
(624, 124, 2024, 55),
(625, 125, 2020, 35),
(626, 125, 2021, 38),
(627, 125, 2022, 40),
(628, 125, 2023, 42),
(629, 125, 2024, 45),
(630, 126, 2020, 40),
(631, 126, 2021, 44),
(632, 126, 2022, 48),
(633, 126, 2023, 52),
(634, 126, 2024, 55),
(635, 127, 2020, 42),
(636, 127, 2021, 45),
(637, 127, 2022, 48),
(638, 127, 2023, 52),
(639, 127, 2024, 55),
(640, 128, 2020, 12),
(641, 128, 2021, 15),
(642, 128, 2022, 18),
(643, 128, 2023, 20),
(644, 128, 2024, 22),
(645, 129, 2020, 38),
(646, 129, 2021, 42),
(647, 129, 2022, 45),
(648, 129, 2023, 48),
(649, 129, 2024, 50),
(650, 130, 2020, 35),
(651, 130, 2021, 38),
(652, 130, 2022, 42),
(653, 130, 2023, 45),
(654, 130, 2024, 48),
(655, 131, 2020, 30),
(656, 131, 2021, 35),
(657, 131, 2022, 38),
(658, 131, 2023, 42),
(659, 131, 2024, 45),
(660, 132, 2020, 30),
(661, 132, 2021, 32),
(662, 132, 2022, 35),
(663, 132, 2023, 38),
(664, 132, 2024, 40),
(665, 133, 2020, 25),
(666, 133, 2021, 30),
(667, 133, 2022, 35),
(668, 133, 2023, 38),
(669, 133, 2024, 42),
(670, 134, 2020, 8),
(671, 134, 2021, 10),
(672, 134, 2022, 12),
(673, 134, 2023, 15),
(674, 134, 2024, 18),
(675, 135, 2020, 30),
(676, 135, 2021, 32),
(677, 135, 2022, 35),
(678, 135, 2023, 38),
(679, 135, 2024, 40),
(680, 136, 2020, 12),
(681, 136, 2021, 15),
(682, 136, 2022, 18),
(683, 136, 2023, 20),
(684, 136, 2024, 22),
(685, 137, 2020, 25),
(686, 137, 2021, 28),
(687, 137, 2022, 32),
(688, 137, 2023, 35),
(689, 137, 2024, 38),
(690, 138, 2020, 35),
(691, 138, 2021, 38),
(692, 138, 2022, 40),
(693, 138, 2023, 42),
(694, 138, 2024, 45),
(695, 139, 2020, 122),
(696, 139, 2021, 122),
(697, 139, 2022, 123),
(698, 139, 2023, 123),
(699, 139, 2024, 124),
(700, 140, 2008, 10),
(701, 140, 2009, 10),
(702, 140, 2010, 10),
(703, 140, 2011, 10),
(704, 140, 2012, 10),
(705, 141, 2020, 46),
(706, 141, 2021, 47),
(707, 141, 2022, 47),
(708, 141, 2023, 47),
(709, 141, 2024, 48),
(710, 142, 2015, 18),
(711, 142, 2016, 18),
(712, 142, 2017, 18),
(713, 142, 2018, 18),
(714, 142, 2019, 18),
(715, 143, 2020, 44),
(716, 143, 2021, 44),
(717, 143, 2022, 44),
(718, 143, 2023, 44),
(719, 143, 2024, 44),
(720, 144, 2020, 6),
(721, 144, 2021, 6),
(722, 144, 2022, 6),
(723, 144, 2023, 6),
(724, 144, 2024, 6),
(725, 145, 2020, 755),
(726, 145, 2021, 763),
(727, 145, 2022, 769),
(728, 145, 2023, 772),
(729, 145, 2024, 775),
(730, 146, 2012, 8),
(731, 146, 2013, 8),
(732, 146, 2014, 8),
(733, 146, 2015, 8),
(734, 146, 2016, 8),
(735, 147, 2016, 43),
(736, 147, 2017, 44),
(737, 147, 2018, 44),
(738, 147, 2019, 45),
(739, 147, 2020, 45),
(740, 148, 2020, 485),
(741, 148, 2021, 488),
(742, 148, 2022, 492),
(743, 148, 2023, 495),
(744, 148, 2024, 498),
(745, 149, 2020, 395),
(746, 149, 2021, 398),
(747, 149, 2022, 402),
(748, 149, 2023, 405),
(749, 149, 2024, 408),
(750, 150, 2017, 410),
(751, 150, 2018, 408),
(752, 150, 2019, 405),
(753, 150, 2020, 402),
(754, 150, 2021, 398),
(755, 151, 2010, 428),
(756, 151, 2011, 425),
(757, 151, 2012, 422),
(758, 151, 2013, 418),
(759, 151, 2014, 415),
(760, 152, 2020, 405),
(761, 152, 2021, 408),
(762, 152, 2022, 412),
(763, 152, 2023, 415),
(764, 152, 2024, 418),
(765, 153, 2020, 392),
(766, 153, 2021, 395),
(767, 153, 2022, 398),
(768, 153, 2023, 402),
(769, 153, 2024, 405),
(770, 154, 2020, 320),
(771, 154, 2021, 322),
(772, 154, 2022, 325),
(773, 154, 2023, 328),
(774, 154, 2024, 330),
(775, 155, 2016, 415),
(776, 155, 2017, 418),
(777, 155, 2018, 420),
(778, 155, 2019, 422),
(779, 155, 2020, 425),
(780, 156, 2020, 385),
(781, 156, 2021, 388),
(782, 156, 2022, 392),
(783, 156, 2023, 395),
(784, 156, 2024, 398),
(785, 157, 2020, 360),
(786, 157, 2021, 363),
(787, 157, 2022, 365),
(788, 157, 2023, 368),
(789, 157, 2024, 370),
(790, 158, 2016, 380),
(791, 158, 2017, 378),
(792, 158, 2018, 375),
(793, 158, 2019, 372),
(794, 158, 2020, 370),
(795, 159, 2020, 340),
(796, 159, 2021, 342),
(797, 159, 2022, 345),
(798, 159, 2023, 348),
(799, 159, 2024, 350),
(800, 160, 2020, 355),
(801, 160, 2021, 358),
(802, 160, 2022, 362),
(803, 160, 2023, 365),
(804, 160, 2024, 368),
(805, 161, 2020, 205),
(806, 161, 2021, 207),
(807, 161, 2022, 210),
(808, 161, 2023, 212),
(809, 161, 2024, 215),
(810, 162, 2016, 395),
(811, 162, 2017, 393),
(812, 162, 2018, 390),
(813, 162, 2019, 388),
(814, 162, 2020, 385),
(815, 163, 2008, 415),
(816, 163, 2009, 412),
(817, 163, 2010, 408),
(818, 163, 2011, 405),
(819, 163, 2012, 402),
(820, 164, 2008, 7),
(821, 164, 2009, 12),
(822, 164, 2010, 13),
(823, 164, 2011, 5),
(824, 164, 2012, 1),
(825, 165, 1990, 2),
(826, 165, 1991, 6),
(827, 165, 1992, 8),
(828, 165, 1993, 7),
(829, 165, 1994, 1),
(830, 166, 2020, 11),
(831, 166, 2021, 6),
(832, 166, 2022, 8),
(833, 166, 2023, 3),
(834, 166, 2024, 0),
(835, 167, 2019, 5),
(836, 167, 2020, 3),
(837, 167, 2021, 1),
(838, 167, 2022, 0),
(839, 167, 2023, 0),
(840, 168, 2020, 0),
(841, 168, 2021, 1),
(842, 168, 2022, 1),
(843, 168, 2023, 2),
(844, 168, 2024, 0),
(845, 169, 1980, 5),
(846, 169, 1981, 3),
(847, 169, 1982, 2),
(848, 169, 1983, 1),
(849, 169, 1984, 0),
(850, 170, 1989, 7),
(851, 170, 1990, 6),
(852, 170, 1991, 4),
(853, 170, 1992, 3),
(854, 170, 1993, 0),
(855, 171, 1953, 4),
(856, 171, 1954, 3),
(857, 171, 1955, 5),
(858, 171, 1956, 3),
(859, 171, 1957, 2),
(860, 172, 2018, 1),
(861, 172, 2019, 2),
(862, 172, 2020, 0),
(863, 172, 2021, 0),
(864, 172, 2022, 0),
(865, 173, 1955, 3),
(866, 173, 1956, 2),
(867, 173, 1957, 4),
(868, 173, 1958, 1),
(869, 173, 1959, 0),
(870, 174, 2012, 6),
(871, 174, 2013, 3),
(872, 174, 2014, 2),
(873, 174, 2015, 1),
(874, 174, 2016, 0),
(875, 175, 1978, 2),
(876, 175, 1979, 1),
(877, 175, 1980, 2),
(878, 175, 1981, 1),
(879, 175, 1982, 0),
(880, 176, 1975, 3),
(881, 176, 1976, 2),
(882, 176, 1977, 4),
(883, 176, 1978, 1),
(884, 176, 1979, 0),
(885, 177, 1987, 5),
(886, 177, 1988, 3),
(887, 177, 1989, 2),
(888, 177, 1990, 1),
(889, 177, 1991, 0),
(890, 178, 2020, 10),
(891, 178, 2021, 15),
(892, 178, 2022, 17),
(893, 178, 2023, 19),
(894, 178, 2024, 12),
(895, 179, 2020, 2),
(896, 179, 2021, 1),
(897, 179, 2022, 2),
(898, 179, 2023, 0),
(899, 179, 2024, 0),
(900, 180, 2020, 1),
(901, 180, 2021, 1),
(902, 180, 2022, 0),
(903, 180, 2023, 1),
(904, 180, 2024, 1),
(905, 181, 2018, 3),
(906, 181, 2019, 2),
(907, 181, 2020, 3),
(908, 181, 2021, 1),
(909, 181, 2022, 0),
(910, 182, 2018, 2),
(911, 182, 2019, 1),
(912, 182, 2020, 0),
(913, 182, 2021, 0),
(914, 182, 2022, 0),
(915, 183, 2016, 1),
(916, 183, 2017, 0),
(917, 183, 2018, 0),
(918, 183, 2019, 0),
(919, 183, 2020, 0),
(920, 184, 2010, 2),
(921, 184, 2011, 2),
(922, 184, 2012, 1),
(923, 184, 2013, 0),
(924, 184, 2014, 0),
(925, 185, 2020, 3),
(926, 185, 2021, 2),
(927, 185, 2022, 2),
(928, 185, 2023, 1),
(929, 185, 2024, 0),
(930, 186, 2020, 1),
(931, 186, 2021, 2),
(932, 186, 2022, 2),
(933, 186, 2023, 2),
(934, 186, 2024, 1),
(935, 187, 2021, 1),
(936, 187, 2022, 2),
(937, 187, 2023, 1),
(938, 187, 2024, 1),
(939, 187, 2025, 2),
(940, 188, 2020, 2),
(941, 188, 2021, 3),
(942, 188, 2022, 2),
(943, 188, 2023, 1),
(944, 188, 2024, 0),
(945, 189, 2020, 1),
(946, 189, 2021, 2),
(947, 189, 2022, 1),
(948, 189, 2023, 2),
(949, 189, 2024, 1),
(950, 190, 2020, 2),
(951, 190, 2021, 1),
(952, 190, 2022, 1),
(953, 190, 2023, 2),
(954, 190, 2024, 2),
(955, 191, 2019, 1),
(956, 191, 2020, 1),
(957, 191, 2021, 2),
(958, 191, 2022, 2),
(959, 191, 2023, 1),
(960, 192, 2019, 2),
(961, 192, 2020, 2),
(962, 192, 2021, 1),
(963, 192, 2022, 1),
(964, 192, 2023, 2),
(965, 193, 2019, 2),
(966, 193, 2020, 2),
(967, 193, 2021, 1),
(968, 193, 2022, 1),
(969, 193, 2023, 0),
(970, 194, 2004, 6),
(971, 194, 2008, 8),
(972, 194, 2012, 4),
(973, 194, 2016, 3),
(974, 194, 2021, 2),
(975, 195, 2012, 3),
(976, 195, 2016, 2),
(977, 195, 2021, 1),
(978, 195, 2023, 3),
(979, 195, 2024, 2),
(980, 196, 2016, 1),
(981, 196, 2019, 2),
(982, 196, 2021, 3),
(983, 196, 2023, 1),
(984, 196, 2024, 1),
(985, 197, 2015, 2),
(986, 197, 2016, 1),
(987, 197, 2019, 1),
(988, 197, 2021, 1),
(989, 197, 2023, 0),
(990, 198, 2018, 1),
(991, 198, 2019, 2),
(992, 198, 2021, 2),
(993, 198, 2023, 1),
(994, 198, 2024, 1),
(995, 199, 1964, 5),
(996, 199, 1967, 4),
(997, 199, 1974, 3),
(998, 199, 1978, 2),
(999, 199, 1981, 1),
(1000, 200, 1986, 12),
(1001, 200, 1988, 10),
(1002, 200, 1996, 8),
(1003, 200, 2002, 6),
(1004, 200, 2005, 4),
(1005, 201, 1998, 5),
(1006, 201, 2007, 5),
(1007, 201, 2013, 5),
(1008, 201, 2015, 5),
(1009, 201, 2017, 5),
(1010, 202, 2018, 3),
(1011, 202, 2019, 2),
(1012, 202, 2021, 3),
(1013, 202, 2022, 1),
(1014, 202, 2023, 2),
(1015, 203, 2014, 2),
(1016, 203, 2017, 3),
(1017, 203, 2018, 2),
(1018, 203, 2021, 2),
(1019, 203, 2023, 3),
(1020, 204, 2016, 1),
(1021, 204, 2017, 2),
(1022, 204, 2019, 1),
(1023, 204, 2021, 1),
(1024, 204, 2023, 2),
(1025, 205, 2009, 2),
(1026, 205, 2013, 3),
(1027, 205, 2015, 2),
(1028, 205, 2017, 3),
(1029, 205, 2023, 2),
(1030, 206, 2016, 1),
(1031, 206, 2017, 2),
(1032, 206, 2019, 1),
(1033, 206, 2021, 1),
(1034, 206, 2023, 1),
(1035, 207, 2017, 1),
(1036, 207, 2019, 1),
(1037, 207, 2021, 2),
(1038, 207, 2022, 1),
(1039, 207, 2023, 1),
(1040, 208, 2021, 0),
(1041, 208, 2022, 2),
(1042, 208, 2023, 3),
(1043, 208, 2024, 2),
(1044, 208, 2025, 3),
(1045, 209, 2013, 2),
(1046, 209, 2015, 3),
(1047, 209, 2016, 2),
(1048, 209, 2019, 1),
(1049, 209, 2021, 1),
(1050, 210, 2015, 3),
(1051, 210, 2018, 2),
(1052, 210, 2020, 2),
(1053, 210, 2022, 3),
(1054, 210, 2023, 2),
(1055, 211, 2016, 2),
(1056, 211, 2018, 3),
(1057, 211, 2021, 2),
(1058, 211, 2022, 2),
(1059, 211, 2023, 1),
(1060, 212, 2016, 3),
(1061, 212, 2017, 2),
(1062, 212, 2019, 1),
(1063, 212, 2020, 2),
(1064, 212, 2023, 1),
(1065, 213, 2015, 5),
(1066, 213, 2017, 4),
(1067, 213, 2019, 3),
(1068, 213, 2021, 2),
(1069, 213, 2023, 1),
(1070, 214, 2014, 2),
(1071, 214, 2016, 3),
(1072, 214, 2018, 2),
(1073, 214, 2020, 1),
(1074, 214, 2022, 1),
(1075, 215, 2014, 2),
(1076, 215, 2018, 3),
(1077, 215, 2020, 2),
(1078, 215, 2022, 3),
(1079, 215, 2023, 2),
(1080, 216, 2017, 4),
(1081, 216, 2019, 3),
(1082, 216, 2020, 2),
(1083, 216, 2021, 3),
(1084, 216, 2023, 2),
(1085, 217, 2018, 3),
(1086, 217, 2020, 2),
(1087, 217, 2021, 1),
(1088, 217, 2022, 2),
(1089, 217, 2023, 1),
(1090, 218, 2019, 2),
(1091, 218, 2020, 3),
(1092, 218, 2022, 2),
(1093, 218, 2023, 2),
(1094, 218, 2024, 1),
(1095, 219, 2017, 2),
(1096, 219, 2019, 2),
(1097, 219, 2021, 3),
(1098, 219, 2022, 2),
(1099, 219, 2023, 3),
(1100, 220, 2020, 0),
(1101, 220, 2021, 4),
(1102, 220, 2022, 6),
(1103, 220, 2023, 7),
(1104, 220, 2024, 11),
(1105, 221, 2020, 255),
(1106, 221, 2021, 260),
(1107, 221, 2022, 270),
(1108, 221, 2023, 275),
(1109, 221, 2024, 280),
(1110, 222, 2020, 5),
(1111, 222, 2021, 8),
(1112, 222, 2022, 10),
(1113, 222, 2023, 12),
(1114, 222, 2024, 15),
(3343, 967, 2020, 5),
(3344, 967, 2021, 6),
(3345, 967, 2022, 8),
(3346, 967, 2023, 10),
(3347, 967, 2024, 12);

-- --------------------------------------------------------

--
-- Table structure for table `athlete_stats`
--

CREATE TABLE `athlete_stats` (
  `id` int(10) UNSIGNED NOT NULL,
  `athlete_id` int(10) UNSIGNED NOT NULL,
  `stat_label` varchar(100) NOT NULL,
  `stat_value` int(11) NOT NULL
) ENGINE=InnoDB DEFAULT CHARSET=utf8mb4 COLLATE=utf8mb4_general_ci;

--
-- Dumping data for table `athlete_stats`
--

INSERT INTO `athlete_stats` (`id`, `athlete_id`, `stat_label`, `stat_value`) VALUES
(1, 1, 'Matches Played', 845),
(2, 1, 'Goals', 485),
(3, 1, 'Assists', 235),
(4, 1, 'Years Active', 17),
(5, 2, 'Matches Played', 445),
(6, 2, 'Goals', 38),
(7, 2, 'Assists', 15),
(8, 2, 'Years Active', 15),
(9, 3, 'Matches Played', 420),
(10, 3, 'Goals', 295),
(11, 3, 'Assists', 115),
(12, 3, 'Years Active', 10),
(13, 4, 'Matches Played', 1296),
(14, 4, 'Goals', 954),
(15, 4, 'Assists', 259),
(16, 4, 'Years Active', 22),
(17, 5, 'Matches Played', 580),
(18, 5, 'Goals', 355),
(19, 5, 'Assists', 210),
(20, 5, 'Years Active', 14),
(21, 6, 'Matches Played', 920),
(22, 6, 'Goals', 750),
(23, 6, 'Assists', 335),
(24, 6, 'Years Active', 20),
(25, 7, 'Matches Played', 780),
(26, 7, 'Goals', 85),
(27, 7, 'Assists', 135),
(28, 7, 'Years Active', 19),
(29, 8, 'Matches Played', 520),
(30, 8, 'Goals', 285),
(31, 8, 'Assists', 105),
(32, 8, 'Years Active', 13),
(33, 9, 'Matches Played', 650),
(34, 9, 'Goals', 250),
(35, 9, 'Assists', 180),
(36, 9, 'Years Active', 18),
(37, 10, 'Matches Played', 820),
(38, 10, 'Goals', 530),
(39, 10, 'Assists', 165),
(40, 10, 'Years Active', 24),
(41, 11, 'Matches Played', 580),
(42, 11, 'Goals', 135),
(43, 11, 'Assists', 225),
(44, 11, 'Years Active', 14),
(45, 12, 'Matches Played', 480),
(46, 12, 'Goals', 175),
(47, 12, 'Assists', 95),
(48, 12, 'Years Active', 12),
(49, 13, 'Matches Played', 480),
(50, 13, 'Goals', 175),
(51, 13, 'Assists', 85),
(52, 13, 'Years Active', 13),
(53, 14, 'Matches Played', 420),
(54, 14, 'Goals', 50),
(55, 14, 'Assists', 115),
(56, 14, 'Years Active', 11),
(57, 15, 'Matches Played', 420),
(58, 15, 'Goals', 165),
(59, 15, 'Assists', 85),
(60, 15, 'Years Active', 12),
(61, 16, 'Matches Played', 450),
(62, 16, 'Goals', 105),
(63, 16, 'Assists', 125),
(64, 16, 'Years Active', 12),
(65, 17, 'Matches Played', 320),
(66, 17, 'Goals', 255),
(67, 17, 'Assists', 65),
(68, 17, 'Years Active', 8),
(69, 18, 'Matches Played', 85),
(70, 18, 'Goals', 18),
(71, 18, 'Assists', 14),
(72, 18, 'Years Active', 3),
(73, 19, 'Matches Played', 65),
(74, 19, 'Goals', 12),
(75, 19, 'Assists', 18),
(76, 19, 'Years Active', 2),
(77, 20, 'Matches Played', 491),
(78, 20, 'Goals', 259),
(79, 20, 'Assists', 156),
(80, 20, 'Years Active', 21),
(81, 21, 'Matches Played', 1363),
(82, 21, 'Goals', 1281),
(83, 21, 'Assists', 250),
(84, 21, 'Years Active', 21),
(85, 22, 'Games Played', 1420),
(86, 22, 'Points', 42000),
(87, 22, 'Assists', 11500),
(88, 22, 'Years Active', 22),
(89, 23, 'Games Played', 980),
(90, 23, 'Points', 22500),
(91, 23, 'Assists', 6500),
(92, 23, 'Years Active', 16),
(93, 24, 'Games Played', 1050),
(94, 24, 'Points', 26800),
(95, 24, 'Assists', 4200),
(96, 24, 'Years Active', 17),
(97, 25, 'Games Played', 1072),
(98, 25, 'Points', 32292),
(99, 25, 'Assists', 5633),
(100, 25, 'Years Active', 15),
(101, 26, 'Games Played', 720),
(102, 26, 'Points', 15200),
(103, 26, 'Assists', 3500),
(104, 26, 'Years Active', 13),
(105, 27, 'Games Played', 820),
(106, 27, 'Points', 16800),
(107, 27, 'Assists', 2800),
(108, 27, 'Years Active', 14),
(109, 28, 'Games Played', 980),
(110, 28, 'Points', 22800),
(111, 28, 'Assists', 7200),
(112, 28, 'Years Active', 15),
(113, 29, 'Games Played', 780),
(114, 29, 'Points', 16800),
(115, 29, 'Assists', 4500),
(116, 29, 'Years Active', 14),
(117, 30, 'Games Played', 620),
(118, 30, 'Points', 13800),
(119, 30, 'Assists', 2500),
(120, 30, 'Years Active', 10),
(121, 31, 'Games Played', 780),
(122, 31, 'Points', 15800),
(123, 31, 'Assists', 2800),
(124, 31, 'Years Active', 14),
(125, 32, 'Games Played', 520),
(126, 32, 'Points', 11800),
(127, 32, 'Assists', 1800),
(128, 32, 'Years Active', 8),
(129, 33, 'Games Played', 420),
(130, 33, 'Points', 11800),
(131, 33, 'Assists', 3500),
(132, 33, 'Years Active', 8),
(133, 34, 'Games Played', 1120),
(134, 34, 'Points', 22800),
(135, 34, 'Assists', 8500),
(136, 34, 'Years Active', 17),
(137, 35, 'Games Played', 820),
(138, 35, 'Points', 14800),
(139, 35, 'Assists', 4500),
(140, 35, 'Years Active', 14),
(141, 36, 'Games Played', 520),
(142, 36, 'Points', 12800),
(143, 36, 'Assists', 1800),
(144, 36, 'Years Active', 10),
(145, 37, 'Competitions', 15),
(146, 37, 'Wins', 7),
(147, 37, 'Mr. Olympia Titles', 7),
(148, 37, 'Years Active', 12),
(149, 38, 'Competitions', 26),
(150, 38, 'Wins', 19),
(151, 38, 'Mr. Olympia Titles', 8),
(152, 38, 'Years Active', 15),
(153, 39, 'Competitions', 22),
(154, 39, 'Wins', 15),
(155, 39, 'Mr. Olympia Titles', 7),
(156, 39, 'Years Active', 14),
(157, 40, 'Competitions', 20),
(158, 40, 'Wins', 14),
(159, 40, 'Mr. Olympia Titles', 4),
(160, 40, 'Years Active', 16),
(161, 41, 'Competitions', 32),
(162, 41, 'Wins', 31),
(163, 41, 'Mr. Olympia Titles', 1),
(164, 41, 'Years Active', 27),
(165, 42, 'Competitions', 18),
(166, 42, 'Wins', 12),
(167, 42, 'Mr. Olympia Titles', 1),
(168, 42, 'Years Active', 14),
(169, 43, 'Competitions', 30),
(170, 43, 'Wins', 22),
(171, 43, 'Mr. Olympia Titles', 0),
(172, 43, 'Years Active', 22),
(173, 44, 'Competitions', 15),
(174, 44, 'Wins', 9),
(175, 44, 'Mr. Olympia Titles', 2),
(176, 44, 'Years Active', 12),
(177, 45, 'Competitions', 22),
(178, 45, 'Wins', 16),
(179, 45, 'Mr. Olympia Titles', 0),
(180, 45, 'Years Active', 17),
(181, 46, 'Competitions', 20),
(182, 46, 'Wins', 12),
(183, 46, 'Mr. Olympia Titles', 0),
(184, 46, 'Years Active', 14),
(185, 47, 'Competitions', 18),
(186, 47, 'Wins', 12),
(187, 47, 'Mr. Olympia Titles', 1),
(188, 47, 'Years Active', 12),
(189, 48, 'Competitions', 22),
(190, 48, 'Wins', 15),
(191, 48, 'Mr. Olympia Titles', 6),
(192, 48, 'Years Active', 14),
(193, 49, 'Competitions', 15),
(194, 49, 'Wins', 10),
(195, 49, 'Mr. Olympia Titles', 2),
(196, 49, 'Years Active', 12),
(197, 50, 'Competitions', 12),
(198, 50, 'Wins', 8),
(199, 50, 'Mr. Olympia Titles', 1),
(200, 50, 'Years Active', 10),
(201, 51, 'Competitions', 10),
(202, 51, 'Wins', 7),
(203, 51, 'Mr. Olympia Titles', 0),
(204, 51, 'Years Active', 9),
(205, 52, 'Competitions', 18),
(206, 52, 'Wins', 15),
(207, 52, 'Mr. Olympia Titles', 5),
(208, 52, 'Years Active', 12),
(209, 53, 'Games Played', 175),
(210, 53, 'Home Runs', 52),
(211, 53, 'RBIs', 125),
(212, 53, 'Years Active', 12),
(213, 54, 'Games Played', 160),
(214, 54, 'Home Runs', 58),
(215, 54, 'RBIs', 135),
(216, 54, 'Years Active', 10),
(217, 55, 'Games Played', 180),
(218, 55, 'Home Runs', 48),
(219, 55, 'RBIs', 120),
(220, 55, 'Years Active', 9),
(221, 56, 'Games Played', 190),
(222, 56, 'Home Runs', 25),
(223, 56, 'RBIs', 90),
(224, 56, 'Years Active', 14),
(225, 57, 'Games Played', 175),
(226, 57, 'Home Runs', 42),
(227, 57, 'RBIs', 95),
(228, 57, 'Years Active', 8),
(229, 58, 'Games Played', 180),
(230, 58, 'Home Runs', 38),
(231, 58, 'RBIs', 105),
(232, 58, 'Years Active', 10),
(233, 59, 'Games Played', 185),
(234, 59, 'Home Runs', 35),
(235, 59, 'RBIs', 100),
(236, 59, 'Years Active', 15),
(237, 60, 'Games Played', 180),
(238, 60, 'Home Runs', 32),
(239, 60, 'RBIs', 95),
(240, 60, 'Years Active', 14),
(241, 61, 'Games Played', 190),
(242, 61, 'Home Runs', 30),
(243, 61, 'RBIs', 98),
(244, 61, 'Years Active', 13),
(245, 62, 'Games Played', 175),
(246, 62, 'Home Runs', 30),
(247, 62, 'RBIs', 90),
(248, 62, 'Years Active', 13),
(249, 63, 'Games Played', 165),
(250, 63, 'Home Runs', 28),
(251, 63, 'RBIs', 85),
(252, 63, 'Years Active', 15),
(253, 64, 'Games Played', 180),
(254, 64, 'Home Runs', 25),
(255, 64, 'RBIs', 80),
(256, 64, 'Years Active', 11),
(257, 65, 'Games Played', 170),
(258, 65, 'Home Runs', 24),
(259, 65, 'RBIs', 78),
(260, 65, 'Years Active', 13),
(261, 66, 'Games Played', 185),
(262, 66, 'Home Runs', 23),
(263, 66, 'RBIs', 75),
(264, 66, 'Years Active', 11),
(265, 67, 'Games Played', 190),
(266, 67, 'Home Runs', 22),
(267, 67, 'RBIs', 85),
(268, 67, 'Years Active', 13),
(269, 68, 'Games Played', 195),
(270, 68, 'Home Runs', 20),
(271, 68, 'RBIs', 70),
(272, 68, 'Years Active', 13),
(273, 69, 'Matches Played', 1526),
(274, 69, 'Grand Slams', 20),
(275, 69, 'Career Titles', 103),
(276, 69, 'Years Active', 24),
(277, 70, 'Matches Played', 1350),
(278, 70, 'Grand Slams', 22),
(279, 70, 'Career Titles', 95),
(280, 70, 'Years Active', 24),
(281, 71, 'Matches Played', 1320),
(282, 71, 'Grand Slams', 25),
(283, 71, 'Career Titles', 105),
(284, 71, 'Years Active', 22),
(285, 72, 'Matches Played', 980),
(286, 72, 'Grand Slams', 3),
(287, 72, 'Career Titles', 48),
(288, 72, 'Years Active', 20),
(289, 73, 'Matches Played', 220),
(290, 73, 'Grand Slams', 3),
(291, 73, 'Career Titles', 15),
(292, 73, 'Years Active', 6),
(293, 74, 'Matches Played', 950),
(294, 74, 'Grand Slams', 3),
(295, 74, 'Career Titles', 18),
(296, 74, 'Years Active', 20),
(297, 75, 'Matches Played', 480),
(298, 75, 'Grand Slams', 1),
(299, 75, 'Career Titles', 22),
(300, 75, 'Years Active', 9),
(301, 76, 'Matches Played', 520),
(302, 76, 'Grand Slams', 1),
(303, 76, 'Career Titles', 23),
(304, 76, 'Years Active', 10),
(305, 77, 'Matches Played', 420),
(306, 77, 'Grand Slams', 0),
(307, 77, 'Career Titles', 12),
(308, 77, 'Years Active', 8),
(309, 78, 'Matches Played', 350),
(310, 78, 'Grand Slams', 0),
(311, 78, 'Career Titles', 8),
(312, 78, 'Years Active', 10),
(313, 79, 'Matches Played', 140),
(314, 79, 'Grand Slams', 0),
(315, 79, 'Career Titles', 5),
(316, 79, 'Years Active', 5),
(317, 80, 'Matches Played', 280),
(318, 80, 'Grand Slams', 1),
(319, 80, 'Career Titles', 10),
(320, 80, 'Years Active', 7),
(321, 81, 'Matches Played', 680),
(322, 81, 'Grand Slams', 1),
(323, 81, 'Career Titles', 18),
(324, 81, 'Years Active', 13),
(325, 82, 'Matches Played', 750),
(326, 82, 'Grand Slams', 0),
(327, 82, 'Career Titles', 12),
(328, 82, 'Years Active', 17),
(329, 83, 'Matches Played', 240),
(330, 83, 'Grand Slams', 0),
(331, 83, 'Career Titles', 5),
(332, 83, 'Years Active', 7),
(333, 84, 'Matches Played', 48),
(334, 84, 'Spike Speed (km/h)', 136),
(335, 84, 'Aces', 58),
(336, 84, 'Years Active', 14),
(337, 85, 'Matches Played', 42),
(338, 85, 'Spike Speed (km/h)', 128),
(339, 85, 'Aces', 45),
(340, 85, 'Years Active', 16),
(341, 86, 'Matches Played', 45),
(342, 86, 'Spike Speed (km/h)', 130),
(343, 86, 'Aces', 42),
(344, 86, 'Years Active', 15),
(345, 87, 'Matches Played', 38),
(346, 87, 'Spike Speed (km/h)', 125),
(347, 87, 'Aces', 35),
(348, 87, 'Years Active', 8),
(349, 88, 'Matches Played', 42),
(350, 88, 'Spike Speed (km/h)', 132),
(351, 88, 'Aces', 38),
(352, 88, 'Years Active', 13),
(353, 89, 'Matches Played', 52),
(354, 89, 'Spike Speed (km/h)', 115),
(355, 89, 'Aces', 28),
(356, 89, 'Years Active', 12),
(357, 90, 'Matches Played', 50),
(358, 90, 'Spike Speed (km/h)', 118),
(359, 90, 'Aces', 25),
(360, 90, 'Years Active', 11),
(361, 91, 'Matches Played', 36),
(362, 91, 'Spike Speed (km/h)', 122),
(363, 91, 'Aces', 22),
(364, 91, 'Years Active', 15),
(365, 92, 'Matches Played', 40),
(366, 92, 'Spike Speed (km/h)', 134),
(367, 92, 'Aces', 35),
(368, 92, 'Years Active', 16),
(369, 93, 'Matches Played', 35),
(370, 93, 'Spike Speed (km/h)', 133),
(371, 93, 'Aces', 28),
(372, 93, 'Years Active', 17),
(373, 94, 'Matches Played', 34),
(374, 94, 'Spike Speed (km/h)', 124),
(375, 94, 'Aces', 18),
(376, 94, 'Years Active', 12),
(377, 95, 'Matches Played', 37),
(378, 95, 'Spike Speed (km/h)', 128),
(379, 95, 'Aces', 22),
(380, 95, 'Years Active', 7),
(381, 96, 'Matches Played', 42),
(382, 96, 'Spike Speed (km/h)', 130),
(383, 96, 'Aces', 32),
(384, 96, 'Years Active', 10),
(385, 97, 'Matches Played', 44),
(386, 97, 'Spike Speed (km/h)', 132),
(387, 97, 'Aces', 30),
(388, 97, 'Years Active', 13),
(389, 98, 'Tournaments Played', 22),
(390, 98, 'Wins', 3),
(391, 98, 'Top 10 Finishes', 8),
(392, 98, 'Years Active', 30),
(393, 99, 'Tournaments Played', 25),
(394, 99, 'Wins', 5),
(395, 99, 'Top 10 Finishes', 12),
(396, 99, 'Years Active', 17),
(397, 100, 'Tournaments Played', 24),
(398, 100, 'Wins', 6),
(399, 100, 'Top 10 Finishes', 14),
(400, 100, 'Years Active', 11),
(401, 101, 'Tournaments Played', 26),
(402, 101, 'Wins', 7),
(403, 101, 'Top 10 Finishes', 15),
(404, 101, 'Years Active', 8),
(405, 102, 'Tournaments Played', 22),
(406, 102, 'Wins', 5),
(407, 102, 'Top 10 Finishes', 9),
(408, 102, 'Years Active', 14),
(409, 103, 'Tournaments Played', 20),
(410, 103, 'Wins', 4),
(411, 103, 'Top 10 Finishes', 10),
(412, 103, 'Years Active', 15),
(413, 104, 'Tournaments Played', 22),
(414, 104, 'Wins', 4),
(415, 104, 'Top 10 Finishes', 11),
(416, 104, 'Years Active', 7),
(417, 105, 'Tournaments Played', 24),
(418, 105, 'Wins', 5),
(419, 105, 'Top 10 Finishes', 12),
(420, 105, 'Years Active', 10),
(421, 106, 'Tournaments Played', 22),
(422, 106, 'Wins', 4),
(423, 106, 'Top 10 Finishes', 9),
(424, 106, 'Years Active', 14),
(425, 107, 'Tournaments Played', 22),
(426, 107, 'Wins', 4),
(427, 107, 'Top 10 Finishes', 11),
(428, 107, 'Years Active', 13),
(429, 108, 'Tournaments Played', 20),
(430, 108, 'Wins', 3),
(431, 108, 'Top 10 Finishes', 8),
(432, 108, 'Years Active', 11),
(433, 109, 'Tournaments Played', 21),
(434, 109, 'Wins', 4),
(435, 109, 'Top 10 Finishes', 9),
(436, 109, 'Years Active', 12),
(437, 110, 'Tournaments Played', 24),
(438, 110, 'Wins', 5),
(439, 110, 'Top 10 Finishes', 10),
(440, 110, 'Years Active', 7),
(441, 111, 'Tournaments Played', 20),
(442, 111, 'Wins', 3),
(443, 111, 'Top 10 Finishes', 7),
(444, 111, 'Years Active', 16),
(445, 112, 'Races', 180),
(446, 112, 'Wins', 55),
(447, 112, 'Grand Tour Wins', 2),
(448, 112, 'Years Active', 6),
(449, 113, 'Races', 220),
(450, 113, 'Wins', 68),
(451, 113, 'Cyclocross Titles', 5),
(452, 113, 'Years Active', 8),
(453, 114, 'Races', 250),
(454, 114, 'Wins', 62),
(455, 114, 'Grand Tour Wins', 3),
(456, 114, 'Years Active', 9),
(457, 115, 'Races', 200),
(458, 115, 'Wins', 58),
(459, 115, 'Classic Wins', 8),
(460, 115, 'Years Active', 7),
(461, 116, 'Races', 150),
(462, 116, 'Wins', 32),
(463, 116, 'Grand Tour Wins', 2),
(464, 116, 'Years Active', 7),
(465, 117, 'Races', 280),
(466, 117, 'Wins', 45),
(467, 117, 'Classic Wins', 6),
(468, 117, 'Years Active', 10),
(469, 118, 'Races', 350),
(470, 118, 'Wins', 38),
(471, 118, 'Grand Tour Wins', 1),
(472, 118, 'Years Active', 15),
(473, 119, 'Races', 500),
(474, 119, 'Wins', 162),
(475, 119, 'Tour Stages', 34),
(476, 119, 'Years Active', 18),
(481, 121, 'Races', 230),
(482, 121, 'Wins', 32),
(483, 121, 'Grand Tour Wins', 1),
(484, 121, 'Years Active', 9),
(485, 122, 'Races', 180),
(486, 122, 'Wins', 22),
(487, 122, 'Grand Tour Wins', 1),
(488, 122, 'Years Active', 8),
(489, 123, 'Races', 120),
(490, 123, 'Wins', 18),
(491, 123, 'Classic Wins', 2),
(492, 123, 'Years Active', 5),
(493, 124, 'Games Played', 1380),
(494, 124, 'Goals', 850),
(495, 124, 'Assists', 680),
(496, 124, 'Years Active', 20),
(497, 125, 'Games Played', 1200),
(498, 125, 'Goals', 550),
(499, 125, 'Assists', 950),
(500, 125, 'Years Active', 19),
(501, 126, 'Games Played', 650),
(502, 126, 'Goals', 320),
(503, 126, 'Assists', 550),
(504, 126, 'Years Active', 10),
(505, 127, 'Games Played', 600),
(506, 127, 'Goals', 350),
(507, 127, 'Assists', 280),
(508, 127, 'Years Active', 9),
(509, 128, 'Games Played', 320),
(510, 128, 'Goals', 85),
(511, 128, 'Assists', 220),
(512, 128, 'Years Active', 6),
(513, 129, 'Games Played', 700),
(514, 129, 'Goals', 320),
(515, 129, 'Assists', 450),
(516, 129, 'Years Active', 10),
(517, 130, 'Games Played', 650),
(518, 130, 'Goals', 310),
(519, 130, 'Assists', 340),
(520, 130, 'Years Active', 10),
(521, 131, 'Games Played', 280),
(522, 131, 'Goals', 145),
(523, 131, 'Assists', 160),
(524, 131, 'Years Active', 5),
(525, 132, 'Games Played', 950),
(526, 132, 'Goals', 380),
(527, 132, 'Assists', 480),
(528, 132, 'Years Active', 15),
(529, 133, 'Games Played', 320),
(530, 133, 'Goals', 130),
(531, 133, 'Assists', 180),
(532, 133, 'Years Active', 6),
(533, 134, 'Games Played', 350),
(534, 134, 'Goals', 45),
(535, 134, 'Assists', 220),
(536, 134, 'Years Active', 6),
(537, 135, 'Games Played', 550),
(538, 135, 'Goals', 220),
(539, 135, 'Assists', 260),
(540, 135, 'Years Active', 9),
(541, 136, 'Games Played', 1050),
(542, 136, 'Goals', 150),
(543, 136, 'Assists', 520),
(544, 136, 'Years Active', 16),
(545, 137, 'Games Played', 400),
(546, 137, 'Goals', 165),
(547, 137, 'Assists', 220),
(548, 137, 'Years Active', 7),
(549, 138, 'Games Played', 1050),
(550, 138, 'Goals', 520),
(551, 138, 'Assists', 550),
(552, 138, 'Years Active', 17),
(553, 139, 'Marathons', 20),
(554, 139, 'Wins', 18),
(555, 139, 'Olympic Golds', 2),
(556, 139, 'Years Active', 12),
(557, 140, 'Races', 150),
(558, 140, 'Gold Medals', 8),
(559, 140, 'World Records', 3),
(560, 140, 'Years Active', 12),
(561, 141, 'Races', 80),
(562, 141, 'Gold Medals', 3),
(563, 141, 'World Records', 1),
(564, 141, 'Years Active', 10),
(565, 142, 'Competitions', 120),
(566, 142, 'Gold Medals', 5),
(567, 142, 'World Titles', 4),
(568, 142, 'Years Active', 15),
(569, 143, 'Races', 100),
(570, 143, 'Gold Medals', 3),
(571, 143, 'Olympic Medals', 3),
(572, 143, 'Years Active', 14),
(573, 144, 'Competitions', 70),
(574, 144, 'Gold Medals', 5),
(575, 144, 'World Records', 8),
(576, 144, 'Years Active', 8),
(577, 145, 'Races', 80),
(578, 145, 'Gold Medals', 4),
(579, 145, 'World Records', 3),
(580, 145, 'Years Active', 10),
(581, 146, 'Competitions', 130),
(582, 146, 'Gold Medals', 4),
(583, 146, 'Olympic Medals', 3),
(584, 146, 'Years Active', 16),
(585, 147, 'Races', 70),
(586, 147, 'Gold Medals', 3),
(587, 147, 'World Records', 1),
(588, 147, 'Years Active', 12),
(589, 148, 'Competitions', 45),
(590, 148, 'Gold Medals', 38),
(591, 148, 'World Records', 12),
(592, 148, 'Years Active', 12),
(593, 149, 'Competitions', 35),
(594, 149, 'Gold Medals', 25),
(595, 149, 'World Titles', 3),
(596, 149, 'Years Active', 10),
(597, 150, 'Competitions', 30),
(598, 150, 'Gold Medals', 22),
(599, 150, 'World Records', 5),
(600, 150, 'Years Active', 11),
(601, 151, 'Competitions', 40),
(602, 151, 'Gold Medals', 32),
(603, 151, 'Olympic Golds', 2),
(604, 151, 'Years Active', 14),
(605, 152, 'Competitions', 25),
(606, 152, 'Gold Medals', 18),
(607, 152, 'Olympic Golds', 1),
(608, 152, 'Years Active', 8),
(609, 153, 'Competitions', 20),
(610, 153, 'Gold Medals', 15),
(611, 153, 'World Records', 8),
(612, 153, 'Years Active', 6),
(613, 154, 'Competitions', 30),
(614, 154, 'Gold Medals', 25),
(615, 154, 'Olympic Golds', 2),
(616, 154, 'Years Active', 9),
(617, 155, 'Competitions', 35),
(618, 155, 'Gold Medals', 28),
(619, 155, 'Olympic Golds', 1),
(620, 155, 'Years Active', 12),
(621, 156, 'Competitions', 22),
(622, 156, 'Gold Medals', 16),
(623, 156, 'World Titles', 2),
(624, 156, 'Years Active', 7),
(625, 157, 'Competitions', 40),
(626, 157, 'Gold Medals', 35),
(627, 157, 'Olympic Golds', 2),
(628, 157, 'Years Active', 11),
(629, 158, 'Competitions', 45),
(630, 158, 'Gold Medals', 38),
(631, 158, 'Olympic Golds', 2),
(632, 158, 'Years Active', 15),
(633, 159, 'Competitions', 35),
(634, 159, 'Gold Medals', 28),
(635, 159, 'Olympic Golds', 1),
(636, 159, 'Years Active', 10),
(637, 160, 'Competitions', 30),
(638, 160, 'Gold Medals', 18),
(639, 160, 'Pan Am Titles', 4),
(640, 160, 'Years Active', 8),
(641, 161, 'Competitions', 25),
(642, 161, 'Gold Medals', 18),
(643, 161, 'Olympic Medals', 1),
(644, 161, 'Years Active', 9),
(645, 162, 'Competitions', 40),
(646, 162, 'Gold Medals', 30),
(647, 162, 'Olympic Medals', 2),
(648, 162, 'Years Active', 12),
(649, 163, 'Competitions', 50),
(650, 163, 'Gold Medals', 35),
(651, 163, 'World Titles', 3),
(652, 163, 'Years Active', 14),
(653, 164, 'Races', 308),
(654, 164, 'Wins', 91),
(655, 164, 'Podiums', 155),
(656, 164, 'Years Active', 19),
(657, 165, 'Races', 162),
(658, 165, 'Wins', 41),
(659, 165, 'Podiums', 80),
(660, 165, 'Years Active', 10),
(661, 166, 'Races', 332),
(662, 166, 'Wins', 103),
(663, 166, 'Podiums', 197),
(664, 166, 'Years Active', 18),
(665, 167, 'Races', 299),
(666, 167, 'Wins', 53),
(667, 167, 'Podiums', 122),
(668, 167, 'Years Active', 15),
(669, 168, 'Races', 380),
(670, 168, 'Wins', 32),
(671, 168, 'Podiums', 106),
(672, 168, 'Years Active', 20),
(673, 169, 'Races', 171),
(674, 169, 'Wins', 25),
(675, 169, 'Podiums', 54),
(676, 169, 'Years Active', 13),
(677, 170, 'Races', 202),
(678, 170, 'Wins', 51),
(679, 170, 'Podiums', 106),
(680, 170, 'Years Active', 13),
(681, 171, 'Races', 52),
(682, 171, 'Wins', 24),
(683, 171, 'Podiums', 35),
(684, 171, 'Years Active', 8),
(685, 172, 'Races', 349),
(686, 172, 'Wins', 21),
(687, 172, 'Podiums', 103),
(688, 172, 'Years Active', 19),
(689, 173, 'Races', 66),
(690, 173, 'Wins', 16),
(691, 173, 'Podiums', 24),
(692, 173, 'Years Active', 7),
(693, 174, 'Races', 309),
(694, 174, 'Wins', 15),
(695, 174, 'Podiums', 50),
(696, 174, 'Years Active', 17),
(697, 175, 'Races', 67),
(698, 175, 'Wins', 6),
(699, 175, 'Podiums', 13),
(700, 175, 'Years Active', 6),
(701, 176, 'Races', 92),
(702, 176, 'Wins', 10),
(703, 176, 'Podiums', 23),
(704, 176, 'Years Active', 7),
(705, 177, 'Races', 204),
(706, 177, 'Wins', 23),
(707, 177, 'Podiums', 60),
(708, 177, 'Years Active', 14),
(709, 178, 'Races', 196),
(710, 178, 'Wins', 63),
(711, 178, 'Podiums', 103),
(712, 178, 'Years Active', 10),
(713, 179, 'Races', 142),
(714, 179, 'Wins', 5),
(715, 179, 'Podiums', 34),
(716, 179, 'Years Active', 7),
(717, 180, 'Fights', 30),
(718, 180, 'Wins', 28),
(719, 180, 'Championships', 2),
(720, 180, 'Years Active', 15),
(721, 181, 'Fights', 29),
(722, 181, 'Wins', 29),
(723, 181, 'Championships', 1),
(724, 181, 'Years Active', 12),
(725, 182, 'Fights', 30),
(726, 182, 'Wins', 22),
(727, 182, 'Championships', 2),
(728, 182, 'Years Active', 14),
(729, 183, 'Fights', 46),
(730, 183, 'Wins', 34),
(731, 183, 'Championships', 1),
(732, 183, 'Years Active', 20),
(733, 184, 'Fights', 28),
(734, 184, 'Wins', 26),
(735, 184, 'Championships', 2),
(736, 184, 'Years Active', 15),
(737, 185, 'Fights', 23),
(738, 185, 'Wins', 17),
(739, 185, 'Championships', 1),
(740, 185, 'Years Active', 10),
(741, 186, 'Fights', 27),
(742, 186, 'Wins', 26),
(743, 186, 'Championships', 1),
(744, 186, 'Years Active', 10),
(745, 187, 'Fights', 13),
(746, 187, 'Wins', 10),
(747, 187, 'Championships', 2),
(748, 187, 'Years Active', 5),
(749, 188, 'Fights', 43),
(750, 188, 'Wins', 34),
(751, 188, 'Championships', 1),
(752, 188, 'Years Active', 13),
(753, 189, 'Fights', 28),
(754, 189, 'Wins', 22),
(755, 189, 'Championships', 1),
(756, 189, 'Years Active', 10),
(757, 190, 'Fights', 21),
(758, 190, 'Wins', 19),
(759, 190, 'Championships', 1),
(760, 190, 'Years Active', 7),
(761, 191, 'Fights', 28),
(762, 191, 'Wins', 23),
(763, 191, 'Championships', 1),
(764, 191, 'Years Active', 12),
(765, 192, 'Fights', 32),
(766, 192, 'Wins', 26),
(767, 192, 'Championships', 1),
(768, 192, 'Years Active', 13),
(769, 193, 'Fights', 29),
(770, 193, 'Wins', 26),
(771, 193, 'Championships', 1),
(772, 193, 'Years Active', 10),
(773, 194, 'Olympic Medals', 28),
(774, 194, 'Gold', 23),
(775, 194, 'World Records', 39),
(776, 194, 'Years Active', 16),
(777, 195, 'Olympic Medals', 10),
(778, 195, 'Gold', 7),
(779, 195, 'World Records', 14),
(780, 195, 'Years Active', 12),
(781, 196, 'Olympic Medals', 7),
(782, 196, 'Gold', 5),
(783, 196, 'World Records', 3),
(784, 196, 'Years Active', 10),
(785, 197, 'Olympic Medals', 5),
(786, 197, 'Gold', 3),
(787, 197, 'World Records', 14),
(788, 197, 'Years Active', 11),
(789, 198, 'Olympic Medals', 5),
(790, 198, 'Gold', 3),
(791, 198, 'World Records', 2),
(792, 198, 'Years Active', 8),
(793, 199, 'Fights', 61),
(794, 199, 'Wins', 56),
(795, 199, 'Knockouts', 37),
(796, 199, 'Years Active', 21),
(797, 200, 'Fights', 58),
(798, 200, 'Wins', 50),
(799, 200, 'Knockouts', 44),
(800, 200, 'Years Active', 19),
(801, 201, 'Fights', 50),
(802, 201, 'Wins', 50),
(803, 201, 'Knockouts', 27),
(804, 201, 'Years Active', 21),
(805, 202, 'Fights', 64),
(806, 202, 'Wins', 59),
(807, 202, 'Knockouts', 39),
(808, 202, 'Years Active', 19),
(809, 203, 'Fights', 41),
(810, 203, 'Wins', 41),
(811, 203, 'Knockouts', 31),
(812, 203, 'Years Active', 15),
(813, 204, 'Olympic Medals', 3),
(814, 204, 'Gold', 2),
(815, 204, 'World Records', 1),
(816, 204, 'Years Active', 10),
(817, 205, 'Olympic Medals', 9),
(818, 205, 'Gold', 1),
(819, 205, 'World Records', 10),
(820, 205, 'Years Active', 17),
(821, 206, 'Olympic Medals', 5),
(822, 206, 'Gold', 2),
(823, 206, 'World Records', 4),
(824, 206, 'Years Active', 10),
(825, 207, 'Olympic Medals', 2),
(826, 207, 'Gold', 1),
(827, 207, 'World Records', 2),
(828, 207, 'Years Active', 8),
(829, 208, 'World Medals', 8),
(830, 208, 'Gold', 4),
(831, 208, 'World Records', 3),
(832, 208, 'Years Active', 4),
(833, 209, 'Olympic Medals', 7),
(834, 209, 'Gold', 3),
(835, 209, 'World Records', 8),
(836, 209, 'Years Active', 18),
(837, 210, 'Fights', 35),
(838, 210, 'Wins', 34),
(839, 210, 'Knockouts', 24),
(840, 210, 'Years Active', 15),
(841, 211, 'Fights', 22),
(842, 211, 'Wins', 21),
(843, 211, 'Knockouts', 14),
(844, 211, 'Years Active', 10),
(845, 212, 'Fights', 30),
(846, 212, 'Wins', 27),
(847, 212, 'Knockouts', 24),
(848, 212, 'Years Active', 11),
(849, 213, 'Fights', 48),
(850, 213, 'Wins', 43),
(851, 213, 'Knockouts', 42),
(852, 213, 'Years Active', 15),
(853, 214, 'Fights', 20),
(854, 214, 'Wins', 17),
(855, 214, 'Knockouts', 11),
(856, 214, 'Years Active', 10),
(857, 215, 'Fights', 26),
(858, 215, 'Wins', 26),
(859, 215, 'Knockouts', 23),
(860, 215, 'Years Active', 11),
(861, 216, 'Fights', 29),
(862, 216, 'Wins', 29),
(863, 216, 'Knockouts', 27),
(864, 216, 'Years Active', 10),
(865, 217, 'Fights', 24),
(866, 217, 'Wins', 24),
(867, 217, 'Knockouts', 20),
(868, 217, 'Years Active', 7),
(869, 218, 'Fights', 31),
(870, 218, 'Wins', 31),
(871, 218, 'Knockouts', 15),
(872, 218, 'Years Active', 9),
(873, 219, 'Fights', 20),
(874, 219, 'Wins', 20),
(875, 219, 'Knockouts', 20),
(876, 219, 'Years Active', 10),
(877, 220, 'Races', 140),
(878, 220, 'Wins', 1),
(879, 220, 'Podiums', 34),
(880, 220, 'Years Active', 6),
(881, 221, 'Competitions', 60),
(882, 221, 'Gold Medals', 30),
(883, 221, 'World Records', 6),
(884, 221, 'Years Active', 12),
(885, 222, 'Matches Played', 215),
(886, 222, 'Goals', 62),
(887, 222, 'Assists', 28),
(888, 222, 'Years Active', 9),
(2665, 967, 'Races', 220),
(2666, 967, 'Wins', 28),
(2667, 967, 'Stage Race Wins', 5),
(2668, 967, 'Years Active', 9);

-- --------------------------------------------------------

--
-- Table structure for table `athlete_timeline`
--

CREATE TABLE `athlete_timeline` (
  `id` int(10) UNSIGNED NOT NULL,
  `athlete_id` int(10) UNSIGNED NOT NULL,
  `event_year` smallint(6) NOT NULL,
  `event_text` varchar(500) NOT NULL
) ENGINE=InnoDB DEFAULT CHARSET=utf8mb4 COLLATE=utf8mb4_general_ci;

--
-- Dumping data for table `athlete_timeline`
--

INSERT INTO `athlete_timeline` (`id`, `athlete_id`, `event_year`, `event_text`) VALUES
(1, 1, 2010, 'Debut for El Mokawloon'),
(2, 1, 2017, 'Joins Liverpool FC'),
(3, 1, 2019, 'Wins UEFA Champions League'),
(4, 1, 2024, 'Becomes Liverpool\'s all-time top scorer'),
(5, 1, 2025, 'Continues as club legend'),
(6, 2, 2010, 'Debut for Ismaily SC'),
(7, 2, 2017, 'Joins West Bromwich Albion'),
(8, 2, 2021, 'Joins Al-Ittihad Club'),
(9, 2, 2024, 'Appointed team captain'),
(10, 2, 2025, 'Veteran leadership role'),
(11, 3, 2016, 'Debut for AS Monaco'),
(12, 3, 2018, 'Wins FIFA World Cup with France'),
(13, 3, 2023, 'Joins Real Madrid'),
(14, 3, 2024, 'Wins Ballon d\'Or'),
(15, 3, 2025, 'Leads Real Madrid to Champions League victory'),
(16, 4, 2002, 'Debut for Sporting CP'),
(17, 4, 2009, 'Joins Real Madrid'),
(18, 4, 2021, 'Returns to Manchester United'),
(19, 4, 2023, 'Moves to Al Nassr'),
(20, 4, 2024, 'Continues as global football icon'),
(21, 5, 2009, 'Debut for Santos FC'),
(22, 5, 2013, 'Joins Barcelona'),
(23, 5, 2017, 'Joins PSG'),
(24, 5, 2024, 'Returns to Brazilian football'),
(25, 5, 2025, 'National team captain'),
(26, 6, 2004, 'Debut for Barcelona'),
(27, 6, 2009, 'First Ballon d\'Or'),
(28, 6, 2022, 'Wins FIFA World Cup with Argentina'),
(29, 6, 2023, 'Joins Inter Miami'),
(30, 6, 2024, 'MLS All-Star legend'),
(31, 7, 2003, 'Debut for Dinamo Zagreb'),
(32, 7, 2012, 'Joins Real Madrid'),
(33, 7, 2018, 'Wins Ballon d\'Or'),
(34, 7, 2024, 'Contract extension with Real Madrid'),
(35, 7, 2025, 'Veteran playmaker role'),
(36, 8, 2011, 'Debut for Tottenham'),
(37, 8, 2015, 'Becomes captain of Tottenham'),
(38, 8, 2023, 'Joins Bayern Munich'),
(39, 8, 2024, 'Bundesliga top scorer'),
(40, 8, 2025, 'Champions League contender'),
(41, 9, 1998, 'Debut for Grêmio'),
(42, 9, 2003, 'Joins Barcelona'),
(43, 9, 2005, 'Wins Ballon d\'Or'),
(44, 9, 2014, 'Announces retirement'),
(45, 9, 2020, 'Football ambassador'),
(46, 10, 1999, 'Debut for Malmö FF'),
(47, 10, 2009, 'Joins Barcelona'),
(48, 10, 2020, 'Returns to AC Milan'),
(49, 10, 2023, 'Final professional season'),
(50, 10, 2024, 'Club ownership role'),
(51, 11, 2008, 'Debut for Genk'),
(52, 11, 2015, 'Joins Manchester City'),
(53, 11, 2021, 'UEFA Champions League win'),
(54, 11, 2024, 'Premier League record assists'),
(55, 11, 2025, 'Midfield maestro'),
(56, 12, 2010, 'Debut for Queens Park Rangers'),
(57, 12, 2015, 'Joins Manchester City'),
(58, 12, 2022, 'Joins Chelsea'),
(59, 12, 2024, 'Premier League experience'),
(60, 12, 2025, 'Veteran winger'),
(61, 13, 2010, 'Debut for Hamburger SV'),
(62, 13, 2015, 'Joins Tottenham Hotspur'),
(63, 13, 2022, 'Premier League Golden Boot'),
(64, 13, 2024, 'Team captain'),
(65, 13, 2025, 'Asian football icon'),
(66, 14, 2013, 'Debut for RB Leipzig'),
(67, 14, 2015, 'Joins Bayern Munich'),
(68, 14, 2020, 'Wins Champions League'),
(69, 14, 2024, 'Team leadership role'),
(70, 14, 2025, 'Defensive midfielder'),
(71, 15, 2011, 'Debut for PSV Eindhoven'),
(72, 15, 2021, 'Joins Barcelona'),
(73, 15, 2023, 'Moves to new club'),
(74, 15, 2024, 'International success'),
(75, 15, 2025, 'Versatile forward'),
(76, 16, 2013, 'Debut for Benfica'),
(77, 16, 2017, 'Joins Manchester City'),
(78, 16, 2023, 'Treble winner'),
(79, 16, 2024, 'Midfield creativity'),
(80, 16, 2025, 'Technical playmaker'),
(81, 17, 2019, 'Joins RB Salzburg & shines in UCL'),
(82, 17, 2020, 'Signs for Borussia Dortmund'),
(83, 17, 2022, 'Joins Manchester City'),
(84, 17, 2023, 'Premier League single-season scoring record'),
(85, 17, 2025, 'Top scorer in England two seasons in a row'),
(86, 18, 2020, 'Joins Manchester United academy'),
(87, 18, 2022, 'First-team debut'),
(88, 18, 2023, 'Wins FA Cup with Man United'),
(89, 18, 2024, 'Regular starter under Ten Hag'),
(90, 18, 2025, 'One of Europe\'s top young wingers'),
(91, 19, 2023, 'Barcelona first-team debut at age 15'),
(92, 19, 2023, 'Youngest starter in La Liga history'),
(93, 19, 2024, 'Stars for Spain in UEFA Euro 2024'),
(94, 19, 2025, 'Barcelona key starter at age 17'),
(95, 19, 2025, 'Projected future Ballon d\'Or contender'),
(96, 20, 1976, 'Professional debut with Argentinos Juniors'),
(97, 20, 1982, 'Transfers to Barcelona for a record fee'),
(98, 20, 1986, 'Wins FIFA World Cup with Argentina, scores \'Hand of God\' goal'),
(99, 20, 1990, 'Leads Argentina to World Cup final'),
(100, 20, 1997, 'Retires from professional football'),
(101, 21, 1956, 'Professional debut with Santos FC'),
(102, 21, 1958, 'Wins first FIFA World Cup with Brazil at age 17'),
(103, 21, 1962, 'Wins second FIFA World Cup with Brazil'),
(104, 21, 1970, 'Wins third FIFA World Cup with Brazil'),
(105, 21, 1977, 'Retires from professional football'),
(106, 22, 2003, 'Debut for Cleveland Cavaliers'),
(107, 22, 2012, 'First NBA Championship with Miami'),
(108, 22, 2020, 'Wins Championship with Lakers'),
(109, 22, 2024, 'Becomes all-time scoring leader'),
(110, 22, 2025, 'Final season announcement'),
(111, 23, 2009, 'Debut for Golden State Warriors'),
(112, 23, 2015, 'First NBA Championship'),
(113, 23, 2022, 'Fourth NBA Championship'),
(114, 23, 2024, 'Sets all-time 3-point record'),
(115, 23, 2025, 'Continues as elite shooter'),
(116, 24, 2007, 'Debut for Seattle SuperSonics'),
(117, 24, 2012, 'Joins Oklahoma City Thunder'),
(118, 24, 2017, 'Wins Championships with Warriors'),
(119, 24, 2023, 'Joins Phoenix Suns'),
(120, 24, 2025, 'All-Star season'),
(121, 25, 1984, 'Debut for Chicago Bulls'),
(122, 25, 1991, 'Wins first NBA Championship'),
(123, 25, 1998, 'Final NBA Championship'),
(124, 25, 2003, 'Final retirement'),
(125, 25, 2020, 'Basketball legend'),
(126, 26, 2013, 'Debut for Milwaukee Bucks'),
(127, 26, 2019, 'First MVP'),
(128, 26, 2021, 'Wins NBA Championship'),
(129, 26, 2024, 'Back-to-back MVP'),
(130, 26, 2025, 'Dominant force in NBA'),
(131, 27, 2011, 'Debut for Golden State Warriors'),
(132, 27, 2015, 'First NBA Championship'),
(133, 27, 2022, 'Fourth NBA Championship'),
(134, 27, 2024, 'Record 3-point shooting'),
(135, 27, 2025, 'Elite shooter'),
(136, 28, 2009, 'Debut for Oklahoma City Thunder'),
(137, 28, 2012, 'Joins Houston Rockets'),
(138, 28, 2018, 'Wins MVP'),
(139, 28, 2023, 'Joins new team'),
(140, 28, 2025, 'Veteran scorer'),
(141, 29, 2011, 'Debut for Cleveland Cavaliers'),
(142, 29, 2016, 'Wins NBA Championship with Cavaliers'),
(143, 29, 2023, 'Plays for Dallas Mavericks'),
(144, 29, 2024, 'All-Star selection'),
(145, 29, 2025, 'Skilled ball handler'),
(146, 30, 2015, 'Debut for Phoenix Suns'),
(147, 30, 2021, 'Leads Suns to NBA Finals'),
(148, 30, 2023, 'All-NBA Team'),
(149, 30, 2024, 'Scoring champion'),
(150, 30, 2025, 'Elite shooting guard'),
(151, 31, 2012, 'Debut for New Orleans Hornets'),
(152, 31, 2019, 'Joins Los Angeles Lakers'),
(153, 31, 2020, 'Wins NBA Championship'),
(154, 31, 2024, 'Defensive Player of the Year'),
(155, 31, 2025, 'Two-way superstar'),
(156, 32, 2017, 'Debut for Boston Celtics'),
(157, 32, 2022, 'Reaches NBA Finals'),
(158, 32, 2024, 'MVP candidate'),
(159, 32, 2025, 'Franchise player'),
(160, 33, 2018, 'Debut for Dallas Mavericks'),
(161, 33, 2020, 'Rookie of the Year'),
(162, 33, 2024, 'MVP season'),
(163, 33, 2025, 'Triple-double machine'),
(164, 34, 2008, 'Debut for Oklahoma City Thunder'),
(165, 34, 2017, 'Wins MVP'),
(166, 34, 2021, 'Triple-double records'),
(167, 34, 2024, 'Veteran leadership'),
(168, 34, 2025, 'High-energy player'),
(169, 35, 2011, 'Debut for Chicago Bulls'),
(170, 35, 2019, 'Leads Miami Heat to NBA Finals'),
(171, 35, 2023, 'Playoff performer'),
(172, 35, 2024, 'All-Star selection'),
(173, 35, 2025, 'Two-way star'),
(174, 36, 2016, 'Debut for Philadelphia 76ers'),
(175, 36, 2021, 'MVP season'),
(176, 36, 2024, 'Scoring champion'),
(177, 36, 2025, 'Dominant center'),
(178, 37, 1965, 'Wins Mr. Universe'),
(179, 37, 1970, 'First Mr. Olympia'),
(180, 37, 1975, 'Stars in Pumping Iron'),
(181, 37, 1980, 'Retires from bodybuilding'),
(182, 37, 2020, 'Fitness industry legend'),
(183, 38, 1990, 'Turns professional'),
(184, 38, 1998, 'Wins first Mr. Olympia'),
(185, 38, 2005, 'Wins 8th Mr. Olympia'),
(186, 38, 2007, 'Retires from competitions'),
(187, 38, 2020, 'Bodybuilding Hall of Fame'),
(188, 39, 2005, 'Turns professional'),
(189, 39, 2011, 'Wins first Mr. Olympia'),
(190, 39, 2017, 'Wins 7th Mr. Olympia'),
(191, 39, 2020, 'Focuses on coaching and business'),
(192, 39, 2025, 'Bodybuilding coach'),
(193, 40, 1993, 'Starts bodybuilding career'),
(194, 40, 2006, 'Wins first Mr. Olympia'),
(195, 40, 2010, 'Wins 4th Mr. Olympia'),
(196, 40, 2013, 'Retires from professional competitions'),
(197, 40, 2020, 'Fitness entrepreneur'),
(198, 41, 1998, 'Turns professional'),
(199, 41, 2008, 'Wins Mr. Olympia'),
(200, 41, 2015, 'Arnold Classic wins'),
(201, 41, 2023, 'Final competition'),
(202, 41, 2024, 'Bodybuilding veteran'),
(203, 42, 2000, 'Turns professional'),
(204, 42, 2018, 'Wins Mr. Olympia'),
(205, 42, 2020, 'Focuses on coaching'),
(206, 42, 2021, 'Passes away'),
(207, 42, 2022, 'Bodybuilding legacy'),
(208, 43, 1992, 'Turns professional'),
(209, 43, 1995, 'Wins Arnold Classic'),
(210, 43, 2000, 'Multiple top 3 finishes at Mr. Olympia'),
(211, 43, 2014, 'Retires from competitions'),
(212, 43, 2020, 'Bodybuilding icon'),
(213, 44, 1970, 'Wins first Mr. Olympia'),
(214, 44, 1971, 'Wins second Mr. Olympia'),
(215, 44, 1980, 'Stars alongside Arnold in movies'),
(216, 44, 2019, 'Passes away'),
(217, 44, 2020, 'Bodybuilding pioneer'),
(218, 45, 1988, 'Turns professional'),
(219, 45, 1993, 'Wins Arnold Classic'),
(220, 45, 1998, 'Multiple top 3 finishes at Mr. Olympia'),
(221, 45, 2010, 'Retires from competitions'),
(222, 45, 2020, 'Bodybuilding legend'),
(223, 46, 2000, 'Turns professional'),
(224, 46, 2006, 'Wins IFBB Grand Prix'),
(225, 46, 2010, 'Top 5 finishes in Mr. Olympia'),
(226, 46, 2015, 'Retires from competitions'),
(227, 46, 2020, 'Fitness coach'),
(228, 47, 2008, 'Turns professional'),
(229, 47, 2019, 'Wins Mr. Olympia'),
(230, 47, 2023, 'Top contender'),
(231, 47, 2025, 'Competitive bodybuilder'),
(232, 48, 1987, 'Turns professional'),
(233, 48, 1992, 'Wins first Mr. Olympia'),
(234, 48, 1997, 'Wins 6th Mr. Olympia'),
(235, 48, 2000, 'Retires from competitions'),
(236, 48, 2020, 'Bodybuilding Hall of Fame'),
(237, 49, 2010, 'Turns professional'),
(238, 49, 2020, 'Wins first Mr. Olympia'),
(239, 49, 2021, 'Wins second Mr. Olympia'),
(240, 49, 2024, 'Top 3 Mr. Olympia'),
(241, 49, 2025, 'Mass monster'),
(242, 50, 2010, 'Turns professional'),
(243, 50, 2017, 'Wins Arnold Classic Europe'),
(244, 50, 2022, 'Mr. Olympia winner'),
(245, 50, 2024, 'Top contender'),
(246, 50, 2025, 'Persian Gulf champion'),
(247, 51, 2012, 'Turns professional'),
(248, 51, 2015, 'Wins national championships'),
(249, 51, 2019, 'Top 5 at Arnold Classic'),
(250, 51, 2024, 'International competitor'),
(251, 51, 2025, 'Middle East champion'),
(252, 52, 2010, 'Starts competing in bodybuilding'),
(253, 52, 2015, 'Wins first major competition'),
(254, 52, 2019, 'First Mr. Olympia Classic Physique'),
(255, 52, 2024, '5th Mr. Olympia title'),
(256, 52, 2025, 'Classic Physique legend'),
(257, 53, 2017, 'MLB Debut'),
(258, 53, 2022, 'Breaks AL home run record'),
(259, 53, 2023, 'Wins Silver Slugger'),
(260, 53, 2024, 'Team captain appointment'),
(261, 53, 2025, 'MVP candidate season'),
(262, 54, 2018, 'MLB Debut'),
(263, 54, 2021, 'First 40+ HR season'),
(264, 54, 2023, 'MVP season'),
(265, 54, 2024, 'Record-breaking contract'),
(266, 54, 2025, 'Dual-threat superstar'),
(267, 55, 2018, 'MLB Debut'),
(268, 55, 2020, 'Breakout season'),
(269, 55, 2023, 'Silver Slugger Award'),
(270, 55, 2024, 'All-Star selection'),
(271, 55, 2025, 'Elite hitter'),
(272, 56, 2014, 'MLB Debut'),
(273, 56, 2018, 'MVP season'),
(274, 56, 2022, 'Switches teams'),
(275, 56, 2024, 'Gold Glove winner'),
(276, 56, 2025, 'Versatile defender'),
(277, 57, 2019, 'MLB Debut'),
(278, 57, 2021, 'Breakout power season'),
(279, 57, 2024, 'MVP runner-up'),
(280, 57, 2025, 'Power-hitting catcher'),
(281, 58, 2016, 'MLB Debut'),
(282, 58, 2020, 'First 30+ HR season'),
(283, 58, 2023, 'Gold Glove Award'),
(284, 58, 2024, 'All-Star selection'),
(285, 58, 2025, 'Power first baseman'),
(286, 59, 2012, 'MLB Debut'),
(287, 59, 2015, 'MVP season'),
(288, 59, 2020, 'Contract extension'),
(289, 59, 2024, 'All-Star appearance'),
(290, 59, 2025, 'Veteran slugger'),
(291, 60, 2013, 'MLB Debut'),
(292, 60, 2016, 'Gold Glove streak begins'),
(293, 60, 2022, 'Joining new team'),
(294, 60, 2024, 'Platinum Glove'),
(295, 60, 2025, 'Defensive specialist'),
(296, 61, 2010, 'MLB Debut'),
(297, 61, 2015, 'All-Star selection'),
(298, 61, 2021, 'Team change'),
(299, 61, 2024, 'Batting champion'),
(300, 61, 2025, 'Consistent hitter'),
(301, 62, 2012, 'MLB Debut'),
(302, 62, 2018, 'MVP runner-up'),
(303, 62, 2022, 'Switch teams'),
(304, 62, 2024, 'All-Star selection'),
(305, 62, 2025, 'Power hitter'),
(306, 63, 2010, 'MLB Debut'),
(307, 63, 2017, 'MVP-level power season'),
(308, 63, 2023, 'Injury comeback'),
(309, 63, 2024, 'Veteran presence'),
(310, 63, 2025, 'Power bat'),
(311, 64, 2016, 'MLB Debut'),
(312, 64, 2020, 'Breakout season'),
(313, 64, 2023, 'All-Star selection'),
(314, 64, 2024, 'Silver Slugger Award'),
(315, 64, 2025, 'Outfield star'),
(316, 65, 2011, 'MLB Debut'),
(317, 65, 2016, 'MVP runner-up'),
(318, 65, 2022, 'Team change'),
(319, 65, 2024, 'Comeback season'),
(320, 65, 2025, 'Veteran third baseman'),
(321, 66, 2012, 'MLB Debut'),
(322, 66, 2018, 'All-Star selection'),
(323, 66, 2023, 'Silver Slugger Award'),
(324, 66, 2024, 'Gold Glove candidate'),
(325, 66, 2025, 'Versatile infielder'),
(326, 67, 2013, 'MLB Debut'),
(327, 67, 2017, 'First All-Star appearance'),
(328, 67, 2021, 'Silver Slugger'),
(329, 67, 2024, 'Team leadership'),
(330, 67, 2025, 'Consistent performer'),
(331, 68, 2015, 'MLB Debut'),
(332, 68, 2019, 'MVP-level season'),
(333, 68, 2022, 'Team change'),
(334, 68, 2024, 'Stolen base leader'),
(335, 68, 2025, 'Speed and power'),
(336, 69, 1998, 'Professional debut'),
(337, 69, 2003, 'First Wimbledon title'),
(338, 69, 2018, '20 Grand Slams milestone'),
(339, 69, 2022, 'Retirement'),
(340, 69, 2023, 'Tennis legend and ambassador'),
(341, 70, 2001, 'Professional debut'),
(342, 70, 2005, 'First French Open title'),
(343, 70, 2019, '12th French Open'),
(344, 70, 2024, 'Final French Open'),
(345, 70, 2024, 'Clay court legend'),
(346, 71, 2003, 'Professional debut'),
(347, 71, 2011, 'Dominant season'),
(348, 71, 2021, 'Three Grand Slams in one year'),
(349, 71, 2024, 'Sets Grand Slam record'),
(350, 71, 2025, 'Continues at elite level'),
(351, 72, 2005, 'Professional debut'),
(352, 72, 2012, 'First Grand Slam'),
(353, 72, 2016, 'World No.1'),
(354, 72, 2023, 'Comeback season'),
(355, 72, 2025, 'Veteran competitor'),
(356, 73, 2019, 'Professional debut'),
(357, 73, 2022, 'First Grand Slam'),
(358, 73, 2023, 'World No.1 at 20'),
(359, 73, 2024, 'Multiple Grand Slams'),
(360, 73, 2025, 'Top contender'),
(361, 74, 2002, 'Professional debut'),
(362, 74, 2014, 'First Grand Slam'),
(363, 74, 2015, 'Australian Open win'),
(364, 74, 2023, 'Veteran presence'),
(365, 74, 2025, 'Tour veteran'),
(366, 75, 2017, 'Professional debut'),
(367, 75, 2019, 'Top 5 ranking'),
(368, 75, 2021, 'US Open title'),
(369, 75, 2024, 'Multiple finals'),
(370, 75, 2025, 'Grand Slam contender'),
(371, 76, 2016, 'Professional debut'),
(372, 76, 2018, 'ATP Finals title'),
(373, 76, 2024, 'First Grand Slam'),
(374, 76, 2025, 'Consistent top 10'),
(375, 77, 2017, 'Professional debut'),
(376, 77, 2019, 'ATP Finals champion'),
(377, 77, 2023, 'Australian Open finalist'),
(378, 77, 2024, 'Top 5 ranking'),
(379, 77, 2025, 'Grand Slam pursuit'),
(380, 78, 2014, 'Professional debut'),
(381, 78, 2019, 'Breakout performances'),
(382, 78, 2022, 'Wimbledon finalist'),
(383, 78, 2024, 'Return to form'),
(384, 78, 2025, 'Entertaining style'),
(385, 79, 2021, 'Professional debut'),
(386, 79, 2022, 'First ATP title'),
(387, 79, 2023, 'Top 10 breakthrough'),
(388, 79, 2024, 'Rising star'),
(389, 79, 2025, 'Grand Slam contender'),
(390, 80, 2020, 'Professional debut'),
(391, 80, 2023, 'Top 10 ranking'),
(392, 80, 2024, 'First Grand Slam'),
(393, 80, 2025, 'Top 3 ranking'),
(394, 81, 2014, 'Professional debut'),
(395, 81, 2020, 'US Open champion'),
(396, 81, 2022, 'Injury comeback'),
(397, 81, 2024, 'Top 20 return'),
(398, 81, 2025, 'Veteran presence'),
(399, 82, 2005, 'Professional debut'),
(400, 82, 2008, 'French Open semifinal'),
(401, 82, 2021, '500 career wins'),
(402, 82, 2024, 'Veteran competitor'),
(403, 82, 2025, 'Fan-favorite veteran'),
(404, 83, 2019, 'Professional debut'),
(405, 83, 2021, 'US Open semifinal'),
(406, 83, 2023, 'Top 10 ranking'),
(407, 83, 2024, 'ATP Finals contender'),
(408, 83, 2025, 'Grand Slam contender'),
(409, 84, 2012, 'Cuban NT debut'),
(410, 84, 2019, 'Joins Poland NT'),
(411, 84, 2023, 'Champions League finalist'),
(412, 84, 2024, 'Sets spike speed record'),
(413, 84, 2025, 'World\'s top volleyball player'),
(414, 85, 2010, 'USA NT debut'),
(415, 85, 2016, 'Olympic Bronze'),
(416, 85, 2023, 'Returns to Zenit'),
(417, 85, 2024, 'Veteran leadership'),
(418, 85, 2025, 'Team USA captain'),
(419, 86, 2011, 'France NT debut'),
(420, 86, 2015, 'European Champion'),
(421, 86, 2021, 'Olympic Gold'),
(422, 86, 2024, 'Club success'),
(423, 86, 2025, 'Peak performance season'),
(424, 87, 2019, 'USA NT debut'),
(425, 87, 2022, 'Top scorer in league'),
(426, 87, 2024, 'Championship title'),
(427, 87, 2025, 'Rising star'),
(428, 88, 2013, 'Brazil NT debut'),
(429, 88, 2019, 'Switch to Italy NT'),
(430, 88, 2023, 'Superlega MVP candidate'),
(431, 88, 2024, 'European success'),
(432, 88, 2025, 'Career-best season'),
(433, 89, 2014, 'USA NT debut'),
(434, 89, 2018, 'Best Setter Award'),
(435, 89, 2023, 'Club transfer'),
(436, 89, 2024, 'Team leadership'),
(437, 89, 2025, 'Elite setter'),
(438, 90, 2015, 'Italy NT debut'),
(439, 90, 2021, 'European Champion'),
(440, 90, 2023, 'Setters MVP'),
(441, 90, 2024, 'Club championship'),
(442, 90, 2025, 'Technical setter'),
(443, 91, 2010, 'USA NT debut'),
(444, 91, 2014, 'World League Gold'),
(445, 91, 2022, 'Return to USA league'),
(446, 91, 2024, 'Veteran presence'),
(447, 91, 2025, 'Strong comeback season'),
(448, 92, 2009, 'Italy NT debut'),
(449, 92, 2016, 'Olympic Silver'),
(450, 92, 2023, 'Big comeback'),
(451, 92, 2024, 'Club success'),
(452, 92, 2025, 'Veteran power'),
(453, 93, 2008, 'Poland NT debut'),
(454, 93, 2018, 'World Champion MVP'),
(455, 93, 2023, 'Return to Europe'),
(456, 93, 2024, 'Club leadership'),
(457, 93, 2025, 'Power hitter'),
(458, 94, 2015, 'Japan NT debut'),
(459, 94, 2021, 'Olympics appearance'),
(460, 94, 2024, 'Captain role'),
(461, 94, 2025, 'Technical player'),
(462, 95, 2020, 'Japan NT debut'),
(463, 95, 2022, 'College to pro transition'),
(464, 95, 2024, 'Strong European season'),
(465, 95, 2025, 'Rising star'),
(466, 96, 2017, 'Japan NT debut'),
(467, 96, 2021, 'Club MVP'),
(468, 96, 2023, 'National captain'),
(469, 96, 2024, 'Asian champion'),
(470, 96, 2025, 'Team leader'),
(471, 97, 2013, 'Brazil NT debut'),
(472, 97, 2016, 'Olympic Gold'),
(473, 97, 2023, 'Return to Brazil league'),
(474, 97, 2024, 'South American champion'),
(475, 97, 2025, 'Veteran presence'),
(476, 98, 1996, 'Professional debut'),
(477, 98, 2019, 'Masters comeback win'),
(478, 98, 2023, 'Limited tournament schedule'),
(479, 98, 2024, 'PGA Tour legend status'),
(480, 98, 2024, 'Golf Hall of Fame induction'),
(481, 99, 2009, 'Professional debut'),
(482, 99, 2014, 'Back-to-back majors'),
(483, 99, 2023, 'Top 5 world ranking'),
(484, 99, 2024, 'PGA Championship win'),
(485, 99, 2025, 'World #1 ranking'),
(486, 100, 2016, 'Professional debut'),
(487, 100, 2021, 'US Open win'),
(488, 100, 2023, 'Masters win'),
(489, 100, 2024, 'Multiple wins'),
(490, 100, 2025, 'Elite ball striker'),
(491, 101, 2019, 'Professional debut'),
(492, 101, 2022, 'Masters win'),
(493, 101, 2024, 'World No.1 ranking'),
(494, 101, 2025, 'Dominant season'),
(495, 102, 2013, 'Professional debut'),
(496, 102, 2018, 'Back-to-back US Opens'),
(497, 102, 2023, 'PGA Championship win'),
(498, 102, 2024, 'Major specialist'),
(499, 102, 2025, 'Big game player'),
(500, 103, 2013, 'Professional debut'),
(501, 103, 2015, 'Masters & US Open'),
(502, 103, 2023, 'Top 10 comeback'),
(503, 103, 2024, 'Putting mastery'),
(504, 103, 2025, 'Veteran presence'),
(505, 104, 2019, 'Professional debut'),
(506, 104, 2020, 'PGA Championship win'),
(507, 104, 2021, 'Open Championship'),
(508, 104, 2024, 'Ball striking excellence'),
(509, 104, 2025, 'Major contender'),
(510, 105, 2017, 'Professional debut'),
(511, 105, 2020, 'Olympic Gold'),
(512, 105, 2023, 'Consistent top finishes'),
(513, 105, 2024, 'Major breakthrough'),
(514, 105, 2025, 'Elite consistency'),
(515, 106, 2013, 'Professional debut'),
(516, 106, 2021, 'Masters win'),
(517, 106, 2023, 'Strong Asian tour'),
(518, 106, 2024, 'International success'),
(519, 106, 2025, 'Technical mastery'),
(520, 107, 2014, 'Professional debut'),
(521, 107, 2021, 'FedEx Cup Champion'),
(522, 107, 2024, 'Top 10 consistent'),
(523, 107, 2025, 'Putting specialist'),
(524, 108, 2016, 'Professional debut'),
(525, 108, 2020, 'US Open win'),
(526, 108, 2023, 'Tour transition'),
(527, 108, 2024, 'Power golf'),
(528, 108, 2025, 'Distance king'),
(529, 109, 2015, 'Professional debut'),
(530, 109, 2017, 'PGA Championship win'),
(531, 109, 2023, 'Tour revival'),
(532, 109, 2024, 'Short game excellence'),
(533, 109, 2025, 'Competitive spirit'),
(534, 110, 2019, 'Professional debut'),
(535, 110, 2022, 'Tour Championship'),
(536, 110, 2024, 'Top 10 season'),
(537, 110, 2025, 'Rising superstar'),
(538, 111, 2009, 'Professional debut'),
(539, 111, 2019, 'Open Championship win'),
(540, 111, 2023, 'Strong PGA performances'),
(541, 111, 2024, 'European success'),
(542, 111, 2025, 'Veteran competitor'),
(543, 112, 2019, 'Professional debut'),
(544, 112, 2020, 'First Tour de France win'),
(545, 112, 2021, 'Back-to-back Tour wins'),
(546, 112, 2024, 'Monument victories'),
(547, 112, 2025, 'Cycling superstar'),
(548, 113, 2017, 'Professional debut'),
(549, 113, 2019, 'World Cyclocross Champion'),
(550, 113, 2021, 'Tour de France stage wins'),
(551, 113, 2024, 'Classics specialist'),
(552, 113, 2025, 'Versatile champion'),
(553, 114, 2016, 'Professional debut'),
(554, 114, 2019, 'Vuelta a España winner'),
(555, 114, 2020, 'Tour de France podium'),
(556, 114, 2024, 'Time trial specialist'),
(557, 114, 2025, 'Veteran leader'),
(558, 115, 2018, 'Professional debut'),
(559, 115, 2020, 'Tour de France stage wins'),
(560, 115, 2021, 'Olympic medalist'),
(561, 115, 2024, 'Green Jersey contender'),
(562, 115, 2025, 'All-rounder'),
(563, 116, 2018, 'Professional debut'),
(564, 116, 2019, 'Tour de France winner'),
(565, 116, 2021, 'Giro d\'Italia winner'),
(566, 116, 2024, 'Comeback season'),
(567, 116, 2025, 'Mountain specialist'),
(568, 117, 2015, 'Professional debut'),
(569, 117, 2019, 'World Champion'),
(570, 117, 2021, 'Tour de France stages'),
(571, 117, 2024, 'Attack specialist'),
(572, 117, 2025, 'French star'),
(573, 118, 2010, 'Professional debut'),
(574, 118, 2018, 'Tour de France winner'),
(575, 118, 2021, 'Olympic Gold'),
(576, 118, 2024, 'Veteran presence'),
(577, 118, 2025, 'Team leader'),
(578, 119, 2007, 'Professional debut'),
(579, 119, 2011, 'World Champion'),
(580, 119, 2021, 'Tour stage record'),
(581, 119, 2024, 'Sprinter legend'),
(582, 119, 2025, 'Record holder'),
(588, 121, 2016, 'Professional debut'),
(589, 121, 2018, 'Vuelta a España winner'),
(590, 121, 2021, 'Giro d\'Italia contender'),
(591, 121, 2024, 'Attack specialist'),
(592, 121, 2025, 'Climbing specialist'),
(593, 122, 2017, 'Professional debut'),
(594, 122, 2019, 'Giro d\'Italia winner'),
(595, 122, 2021, 'Olympic Gold'),
(596, 122, 2024, 'Mountain goat'),
(597, 122, 2025, 'Ecuadorian star'),
(598, 123, 2020, 'Professional debut'),
(599, 123, 2022, 'Gent-Wevelgem winner'),
(600, 123, 2023, 'African cycling pioneer'),
(601, 123, 2024, 'Rising star'),
(602, 123, 2025, 'Future champion'),
(603, 124, 2005, 'NHL debut'),
(604, 124, 2008, 'First MVP'),
(605, 124, 2018, 'Stanley Cup champion'),
(606, 124, 2024, 'Chasing Gretzky record'),
(607, 124, 2025, 'Goal-scoring legend'),
(608, 125, 2005, 'NHL debut'),
(609, 125, 2009, 'First Stanley Cup'),
(610, 125, 2016, 'World Cup champion'),
(611, 125, 2024, 'Captain leadership'),
(612, 125, 2025, 'Playmaking genius'),
(613, 126, 2015, 'NHL debut'),
(614, 126, 2017, 'First MVP'),
(615, 126, 2023, 'Scoring champion'),
(616, 126, 2024, 'Hart Trophy'),
(617, 126, 2025, 'Best player in NHL'),
(618, 127, 2016, 'NHL debut'),
(619, 127, 2021, 'First 40-goal season'),
(620, 127, 2022, 'Hart Trophy'),
(621, 127, 2024, 'Goal-scoring machine'),
(622, 127, 2025, 'Elite sniper'),
(623, 128, 2019, 'NHL debut'),
(624, 128, 2022, 'Norris Trophy'),
(625, 128, 2022, 'Stanley Cup champion'),
(626, 128, 2024, 'Conn Smythe Trophy'),
(627, 128, 2025, 'Best defenseman'),
(628, 129, 2014, 'NHL debut'),
(629, 129, 2020, 'Hart Trophy'),
(630, 129, 2022, 'Art Ross Trophy'),
(631, 129, 2024, 'Scoring leader'),
(632, 129, 2025, 'German superstar'),
(633, 130, 2014, 'NHL debut'),
(634, 130, 2020, 'First 40-goal season'),
(635, 130, 2023, 'Rocket Richard Trophy'),
(636, 130, 2024, 'Czech superstar'),
(637, 130, 2025, 'Sniper specialist'),
(638, 131, 2020, 'NHL debut'),
(639, 131, 2021, 'Calder Trophy'),
(640, 131, 2023, 'First 40-goal season'),
(641, 131, 2024, 'Russian star'),
(642, 131, 2025, 'Dynamic scorer'),
(643, 132, 2009, 'NHL debut'),
(644, 132, 2011, 'Stanley Cup champion'),
(645, 132, 2019, 'First 30-goal season'),
(646, 132, 2024, 'Veteran leader'),
(647, 132, 2025, 'Agitator and scorer'),
(648, 133, 2019, 'NHL debut'),
(649, 133, 2021, 'Breakout season'),
(650, 133, 2023, 'First 40-goal season'),
(651, 133, 2024, 'American star'),
(652, 133, 2025, 'Young superstar'),
(653, 134, 2019, 'NHL debut'),
(654, 134, 2021, 'Norris Trophy'),
(655, 134, 2023, 'All-Star selection'),
(656, 134, 2024, 'Offensive defenseman'),
(657, 134, 2025, 'Puck-moving D'),
(658, 135, 2016, 'NHL debut'),
(659, 135, 2020, 'Stanley Cup champion'),
(660, 135, 2022, 'Playoff performer'),
(661, 135, 2024, 'Clutch scorer'),
(662, 135, 2025, 'Two-way center'),
(663, 136, 2009, 'NHL debut'),
(664, 136, 2020, 'Stanley Cup champion'),
(665, 136, 2021, 'Conn Smythe Trophy'),
(666, 136, 2024, 'Norris Trophy winner'),
(667, 136, 2025, 'Swedish star'),
(668, 137, 2018, 'NHL debut'),
(669, 137, 2019, 'Calder Trophy'),
(1673, 137, 2023, 'First 30-goal season'),
(1674, 137, 2024, 'Swedish playmaker'),
(1675, 137, 2025, 'Skillful forward'),
(1676, 138, 2008, 'NHL debut'),
(1677, 138, 2010, 'First 50-goal season'),
(1678, 138, 2020, 'Stanley Cup champion'),
(1679, 138, 2024, 'Captain leadership'),
(1680, 138, 2025, 'Shooting specialist'),
(1681, 139, 2013, 'First marathon'),
(1682, 139, 2016, 'Olympic Gold Rio'),
(1683, 139, 2018, 'Berlin Marathon WR'),
(1685, 139, 2025, 'Marathon GOAT'),
(1686, 140, 2008, 'Olympic debut Beijing'),
(1687, 140, 2009, '100m World Record 9.58'),
(1688, 140, 2012, 'London Olympics triple'),
(1689, 140, 2017, 'Retirement'),
(1690, 140, 2020, 'Sprinting legend'),
(1691, 141, 2017, 'World Championship debut'),
(1692, 141, 2019, 'World Championship Gold'),
(1693, 141, 2021, 'Olympic Gold & WR'),
(1694, 141, 2024, 'Olympic defense'),
(1695, 141, 2025, 'Hurdles king'),
(1696, 142, 2011, 'World Championship debut'),
(1697, 142, 2012, 'Olympic Gold London'),
(1698, 142, 2015, 'World Record 18.21m'),
(1699, 142, 2024, 'Olympic comeback'),
(1700, 142, 2025, 'Jumping legend'),
(1701, 143, 2011, 'World Championship Gold'),
(1702, 143, 2012, 'Olympic Gold London'),
(1703, 143, 2016, 'Olympic Silver Rio'),
(1704, 143, 2024, 'Olympic Bronze Paris'),
(1705, 143, 2025, '400m specialist'),
(1706, 144, 2018, 'European Championship Gold'),
(1707, 144, 2020, 'World Record 6.18m'),
(1708, 144, 2022, 'World Record 6.21m'),
(1709, 144, 2024, 'Olympic Gold Paris'),
(1710, 144, 2025, 'Pole vault king'),
(1711, 145, 2019, 'World Championship Gold'),
(1712, 145, 2020, '5000m World Record'),
(1713, 145, 2021, 'Olympic Gold Tokyo'),
(1715, 145, 2025, 'Distance king'),
(1716, 146, 2012, 'Olympic Gold London'),
(1717, 146, 2014, 'European Gold'),
(1718, 146, 2015, 'World Championship Gold'),
(1719, 146, 2022, 'Retirement'),
(1720, 146, 2022, 'British athletics legend'),
(1721, 147, 2015, 'World Championship Gold'),
(1722, 147, 2016, 'Olympic Gold & WR'),
(1724, 147, 2024, 'Comeback season'),
(1725, 147, 2025, '400m legend'),
(1726, 148, 2013, 'International debut'),
(1727, 148, 2015, 'First World Championship'),
(1728, 148, 2016, 'Olympic Gold Rio'),
(1729, 148, 2024, 'Olympic Gold Paris'),
(1730, 148, 2025, 'Greatest weightlifter ever'),
(1731, 149, 2015, 'World Championship debut'),
(1732, 149, 2016, 'Olympic Silver Rio'),
(1733, 149, 2019, 'World Championship Gold'),
(1734, 149, 2024, 'Olympic Silver Paris'),
(1735, 149, 2025, 'Chinese powerhouse'),
(1736, 150, 2014, 'International debut'),
(1737, 150, 2017, 'World Championship Gold'),
(1738, 150, 2018, 'World Record set'),
(1739, 150, 2023, 'Comeback season'),
(1740, 150, 2024, 'Iranian legend'),
(1741, 151, 2008, 'Olympic Gold Beijing'),
(1742, 151, 2012, 'Olympic Gold London'),
(1743, 151, 2014, 'World Record set'),
(1744, 151, 2018, 'Doping suspension'),
(1745, 151, 2020, 'Kazakhstan legend'),
(1746, 152, 2017, 'International debut'),
(1747, 152, 2021, 'Olympic Gold Tokyo'),
(1748, 152, 2022, 'World Championship Gold'),
(1750, 152, 2025, 'Uzbek star'),
(1751, 153, 2019, 'International debut'),
(1752, 153, 2021, 'World Record set'),
(1753, 153, 2022, 'World Championship Gold'),
(1754, 153, 2024, 'Olympic Gold Paris'),
(1755, 153, 2025, 'Bulgarian phenom'),
(1756, 154, 2016, 'International debut'),
(1757, 154, 2019, 'World Championship Gold'),
(1758, 154, 2021, 'Olympic Gold Tokyo'),
(1759, 154, 2024, 'Olympic Gold Paris'),
(1760, 154, 2025, 'Chinese champion'),
(1761, 155, 2013, 'International debut'),
(1762, 155, 2016, 'Olympic Gold Rio'),
(1763, 155, 2018, 'World Championship Gold'),
(1764, 155, 2023, 'Asian Games Gold'),
(1765, 155, 2024, 'Uzbek champion'),
(1766, 156, 2018, 'International debut'),
(1767, 156, 2021, 'World Championship medal'),
(1768, 156, 2023, 'World Championship Gold'),
(1769, 156, 2024, 'Olympic medal Paris'),
(1770, 156, 2025, 'Qatari rising star'),
(1771, 157, 2014, 'International debut'),
(1772, 157, 2016, 'Olympic Gold Rio'),
(1773, 157, 2021, 'Olympic Gold Tokyo'),
(1774, 157, 2023, 'World Championship Gold'),
(1775, 157, 2025, 'Chinese legend'),
(1776, 158, 2009, 'World Championship debut'),
(1777, 158, 2012, 'Olympic Gold London'),
(1778, 158, 2016, 'Olympic Silver Rio'),
(1779, 158, 2021, 'Olympic Gold Tokyo'),
(1780, 158, 2023, 'Weightlifting icon'),
(1781, 159, 2015, 'International debut'),
(1782, 159, 2019, 'World Championship Gold'),
(1783, 159, 2021, 'Olympic Gold Tokyo'),
(1785, 159, 2025, 'Chinese champion'),
(1786, 160, 2017, 'International debut'),
(1787, 160, 2019, 'Pan American Games Gold'),
(1788, 160, 2021, 'Olympic finalist'),
(1789, 160, 2024, 'Pan American champion'),
(1790, 160, 2025, 'American hope'),
(1791, 161, 2016, 'International debut'),
(1792, 161, 2017, 'World Championship Gold'),
(1793, 161, 2021, 'Olympic Silver Tokyo'),
(1794, 161, 2022, 'Commonwealth Gold'),
(1795, 161, 2025, 'Indian superstar'),
(1796, 162, 2013, 'International debut'),
(1797, 162, 2016, 'Olympic Gold Rio'),
(1798, 162, 2017, 'World Record set'),
(1799, 162, 2023, 'Comeback season'),
(1800, 162, 2024, 'Iranian champion'),
(1801, 163, 2005, 'International debut'),
(1802, 163, 2008, 'Olympic Silver Beijing'),
(1803, 163, 2011, 'World Championship Gold'),
(1804, 163, 2015, 'Retirement'),
(1805, 163, 2020, 'Russian legend'),
(1806, 164, 1991, 'F1 debut with Jordan'),
(1807, 164, 1994, 'First World Championship'),
(1808, 164, 2004, '7th World Championship'),
(1809, 164, 2012, 'Final F1 season'),
(1810, 164, 2020, 'Widely regarded as one of the greatest drivers ever'),
(1811, 165, 1984, 'F1 debut'),
(1812, 165, 1988, 'First World Championship'),
(1813, 165, 1991, 'Third World Championship'),
(1814, 165, 1994, 'Legacy honored after tragic passing'),
(1815, 165, 2020, 'Still considered the most naturally gifted F1 driver'),
(1816, 166, 2007, 'F1 debut with McLaren'),
(1817, 166, 2008, 'First World Championship'),
(1818, 166, 2020, 'Record 7th World Championship'),
(1819, 166, 2023, 'Signs final seasons with Mercedes'),
(1820, 166, 2025, 'Continues competing at elite level'),
(1821, 167, 2007, 'F1 debut'),
(1822, 167, 2010, 'First World Championship'),
(1823, 167, 2013, 'Fourth consecutive title'),
(1824, 167, 2022, 'Retirement'),
(1825, 167, 2024, 'Environmental and motorsport ambassador'),
(1826, 168, 2001, 'F1 debut'),
(1827, 168, 2005, 'First World Championship'),
(1828, 168, 2006, 'Second World Championship'),
(1829, 168, 2021, 'Return to F1'),
(1830, 168, 2025, 'Competes with Aston Martin'),
(1831, 169, 1971, 'F1 debut'),
(1832, 169, 1975, 'First World Championship'),
(1833, 169, 1976, 'Miracle comeback after Nürburgring crash'),
(1834, 169, 1984, 'Third World Championship'),
(1835, 169, 2020, 'Legacy honored globally'),
(1836, 170, 1980, 'F1 debut'),
(1837, 170, 1985, 'First World Championship'),
(1838, 170, 1989, 'Rivalry peak with Senna'),
(1839, 170, 1993, 'Fourth World Championship'),
(1840, 170, 2020, 'Long-standing F1 strategist and advisor'),
(1841, 171, 1950, 'F1 debut'),
(1842, 171, 1951, 'First World Championship'),
(1843, 171, 1957, 'Fifth World Championship'),
(1844, 171, 1995, 'Legacy cemented as early era titan'),
(1845, 171, 2020, 'Still ranked among all-time greats'),
(1846, 172, 2001, 'F1 debut'),
(1847, 172, 2007, 'World Championship with Ferrari'),
(1848, 172, 2013, 'Comeback victory streak'),
(1849, 172, 2021, 'Retirement'),
(1850, 172, 2023, 'Motorsport ambassador and rally competitor'),
(1851, 173, 1951, 'F1 debut'),
(1852, 173, 1955, 'British GP victory'),
(1853, 173, 1961, 'Career-ending crash'),
(1854, 173, 2011, 'Retires from all motorsport'),
(1855, 173, 2020, 'Legacy honored as \'the greatest runner-up\''),
(1856, 174, 2000, 'F1 debut'),
(1857, 174, 2009, 'World Championship with Brawn GP'),
(1858, 174, 2016, 'Retirement from full-time F1'),
(1859, 174, 2022, 'Endurance racing comeback'),
(1860, 174, 2023, 'Active in motorsport commentary'),
(1861, 175, 1977, 'F1 debut'),
(1862, 175, 1978, 'First GP victory'),
(1863, 175, 1981, 'Ferrari hero'),
(1864, 175, 1982, 'Passing leaves lasting legacy'),
(1865, 175, 2020, 'Still one of Ferrari\'s greatest icons'),
(1866, 176, 1973, 'F1 debut'),
(1867, 176, 1976, 'World Championship victory'),
(1868, 176, 1979, 'Retirement'),
(1869, 176, 1980, 'Broadcast career begins'),
(1870, 176, 2020, 'Legacy revived through film & history'),
(1871, 177, 1978, 'F1 debut'),
(1872, 177, 1981, 'First World Championship'),
(1873, 177, 1987, 'Third World Championship'),
(1874, 177, 1991, 'Retirement'),
(1875, 177, 2020, 'Motorsport family continues legacy'),
(1876, 178, 2015, 'F1 debut with Toro Rosso'),
(1877, 178, 2016, 'Joins Red Bull & wins first race'),
(1878, 178, 2021, 'Wins first World Championship'),
(1879, 178, 2022, 'Record-breaking 15-win season'),
(1880, 178, 2025, 'Continues dominating with Red Bull Racing'),
(1881, 179, 2018, 'Debut with Sauber'),
(1882, 179, 2019, 'Joins Ferrari & wins Italian GP'),
(1883, 179, 2022, 'Championship runner-up'),
(1884, 179, 2024, 'Ferrari title contender again'),
(1885, 179, 2025, 'Leads Ferrari\'s new era under Vasseur'),
(1886, 180, 2008, 'UFC debut'),
(1887, 180, 2011, 'Youngest UFC Champion'),
(1888, 180, 2018, 'Return to LHW'),
(1889, 180, 2023, 'Heavyweight Champion'),
(1890, 180, 2025, 'P4P #1 Candidate'),
(1891, 181, 2012, 'UFC debut'),
(1892, 181, 2018, 'Lightweight Champion'),
(1893, 181, 2020, 'Retired Undefeated'),
(1894, 181, 2023, 'Becomes top-level coach'),
(1895, 181, 2024, 'Hall of Fame inductee'),
(1896, 182, 2013, 'UFC debut'),
(1897, 182, 2015, 'Featherweight Champion'),
(1898, 182, 2016, 'Two-division Champion'),
(1899, 182, 2021, 'Major leg break'),
(1900, 182, 2025, 'Announced comeback fight'),
(1901, 183, 2006, 'UFC debut'),
(1902, 183, 2006, 'Middleweight Champion'),
(1903, 183, 2013, 'Leg injury'),
(1904, 183, 2020, 'Leaves UFC'),
(1905, 183, 2023, 'Competing in boxing exhibitions'),
(1906, 184, 2004, 'UFC debut'),
(1907, 184, 2006, 'Welterweight Champion'),
(1908, 184, 2013, 'Retires'),
(1909, 184, 2017, 'Middleweight Champion'),
(1910, 184, 2023, 'International fitness icon'),
(1911, 185, 2015, 'UFC debut'),
(1912, 185, 2021, 'Heavyweight Champion'),
(1913, 185, 2023, 'Signs with PFL'),
(1914, 185, 2024, 'Debuts in pro boxing'),
(1915, 185, 2025, 'Dual-sport competitor'),
(1916, 186, 2015, 'UFC debut'),
(1917, 186, 2022, 'Lightweight Champion'),
(1918, 186, 2023, 'Beats Volkanovski twice'),
(1919, 186, 2024, 'Defense continues'),
(1920, 186, 2025, 'Ranked P4P #1'),
(1921, 187, 2021, 'UFC debut'),
(1922, 187, 2022, 'Middleweight Champion'),
(1923, 187, 2023, 'Light Heavyweight Champion'),
(1924, 187, 2024, 'Title defenses continue'),
(1925, 187, 2025, 'Multi-division champion status'),
(1926, 188, 2010, 'UFC debut'),
(1927, 188, 2021, 'Lightweight Champion'),
(1928, 188, 2022, 'Top contender'),
(1929, 188, 2024, 'Major comeback fights'),
(1930, 188, 2025, 'Fan-favorite veteran'),
(1931, 189, 2015, 'UFC debut'),
(1932, 189, 2019, '8-fight win streak'),
(1933, 189, 2022, 'Wins Welterweight Championship'),
(1934, 189, 2023, 'Defends title vs Usman'),
(1935, 189, 2024, 'Continues championship reign'),
(1936, 190, 2017, 'Dana White Contender debut'),
(1937, 190, 2020, 'Rising star status'),
(1938, 190, 2023, 'Wins Bantamweight Championship'),
(1939, 190, 2024, 'First title defense'),
(1940, 190, 2025, 'Expected title fight'),
(1941, 191, 2014, 'UFC debut'),
(1942, 191, 2021, 'Wins Bantamweight Championship'),
(1943, 191, 2022, 'Successfully defends title'),
(1944, 191, 2023, 'Loses title, moves to Featherweight'),
(1945, 191, 2024, 'Wins first fight at Featherweight'),
(1946, 192, 2012, 'UFC debut'),
(1947, 192, 2017, 'Wins Featherweight Championship'),
(1948, 192, 2019, 'Loses title, begins comeback'),
(1949, 192, 2023, 'Wins BMF Championship'),
(1950, 192, 2024, 'Continues as top contender'),
(1951, 193, 2016, 'UFC debut'),
(1952, 193, 2019, 'Wins Featherweight Championship'),
(1953, 193, 2022, 'Attempts Lightweight title'),
(1954, 193, 2023, 'Suffers KO loss'),
(1955, 193, 2024, 'Return to competition planned'),
(1956, 194, 2000, 'Olympic debut at age 15'),
(1957, 194, 2004, 'First Olympic gold medals'),
(1958, 194, 2008, 'Historic 8 gold medals in Beijing'),
(1959, 194, 2016, 'Final Olympics, retires with 23 golds'),
(1960, 194, 2024, 'Inducted into Hall of Fame'),
(1961, 195, 2012, 'Olympic gold at age 15'),
(1962, 195, 2016, 'Dominates Rio Olympics with 4 golds'),
(1963, 195, 2021, 'Tokyo Olympics success'),
(1964, 195, 2024, 'Adds to medal tally in Paris'),
(1965, 195, 2025, 'Continues as distance swimming legend'),
(1966, 196, 2016, 'First Olympic gold in relay'),
(1967, 196, 2019, 'Dominates World Championships'),
(1968, 196, 2021, '5 gold medals at Tokyo Olympics'),
(1969, 196, 2023, 'Return to competition after break'),
(1970, 196, 2024, 'Competes in Paris Olympics'),
(1971, 197, 2015, 'Breaks first world record'),
(1972, 197, 2016, 'Wins first Olympic gold'),
(1973, 197, 2021, 'Defends Olympic title'),
(1974, 197, 2023, 'Takes mental health break'),
(1975, 197, 2024, 'Returns for Paris Olympics'),
(1976, 198, 2018, 'Commonwealth Games breakthrough'),
(1977, 198, 2019, 'World Championship success'),
(1978, 198, 2021, 'Olympic gold vs Ledecky'),
(1979, 198, 2024, 'Continues success in Paris'),
(1980, 198, 2025, 'Remains top freestyle swimmer'),
(1981, 199, 1960, 'Olympic gold medal'),
(1982, 199, 1964, 'First heavyweight title win'),
(1983, 199, 1974, 'Rumble in the Jungle victory'),
(1984, 199, 1978, 'Regains title for third time'),
(1985, 199, 1981, 'Final professional fight'),
(1986, 200, 1986, 'Youngest heavyweight champion ever'),
(1987, 200, 1990, 'Loses title to Buster Douglas'),
(1988, 200, 1996, 'Regains heavyweight titles'),
(1989, 200, 2005, 'Final professional fight'),
(1990, 200, 2020, 'Exhibition vs Roy Jones Jr.'),
(1991, 201, 1996, 'Olympic bronze medal'),
(1992, 201, 2007, 'Wins first major PPV fight'),
(1993, 201, 2015, 'Fight of the Century vs Pacquiao'),
(1994, 201, 2017, 'Final professional fight'),
(1995, 201, 2023, 'Continues exhibition career'),
(1996, 202, 2011, 'First world championship'),
(1997, 202, 2018, 'Signs historic DAZN deal'),
(1998, 202, 2021, 'Becomes undisputed super middleweight'),
(1999, 202, 2023, 'Continues championship reign'),
(2000, 202, 2024, 'Major PPV fights continue'),
(2001, 203, 2014, 'Wins first world title'),
(2002, 203, 2017, 'Undisputed light welterweight'),
(2003, 203, 2018, 'Moves up to welterweight'),
(2004, 203, 2023, 'Becomes undisputed welterweight'),
(2005, 203, 2024, 'P4P #1 contender'),
(2006, 204, 2013, 'US National Team debut'),
(2007, 204, 2016, 'Olympic Gold in Rio (4x100m medley)'),
(2008, 204, 2017, 'World Championship success'),
(2009, 204, 2021, 'Olympic Bronze in Tokyo'),
(2010, 204, 2024, 'Competes in Paris Olympics'),
(2011, 205, 2008, 'Olympic debut at age 14'),
(2012, 205, 2009, 'First World Record in 100m freestyle'),
(2013, 205, 2016, 'Olympic Gold in 100m butterfly'),
(2014, 205, 2023, 'Continues dominance in 30s'),
(2015, 205, 2024, 'Veteran presence in Paris'),
(2016, 206, 2016, 'Olympic Gold in 100m breaststroke'),
(2017, 206, 2017, 'World Record in 50m breaststroke'),
(2018, 206, 2019, 'Dominates World Championships'),
(2019, 206, 2021, 'Olympic Bronze in Tokyo'),
(2020, 206, 2024, 'Final Olympic appearance'),
(2021, 207, 2017, 'European Junior Champion'),
(2022, 207, 2019, 'Breaks Phelps\' 200m butterfly World Record'),
(2023, 207, 2021, 'Olympic Gold in 200m butterfly'),
(2024, 207, 2022, 'World Championship dominance'),
(2025, 207, 2024, 'Seeks second Olympic gold'),
(2026, 208, 2021, 'Olympic debut at age 14'),
(2027, 208, 2022, 'Breaks World Record in 400m IM'),
(2028, 208, 2023, 'Dominates World Championships'),
(2029, 208, 2024, 'Olympic medal contender'),
(2030, 208, 2025, 'Youngest swimming superstar'),
(2031, 209, 2004, 'First Olympic appearance'),
(2032, 209, 2009, 'First European title'),
(2033, 209, 2016, 'Triple Olympic gold in Rio'),
(2034, 209, 2019, 'Nicknamed \'The Iron Lady\''),
(2035, 209, 2024, 'Final Olympic campaign'),
(2036, 210, 2015, 'Wins heavyweight title from Klitschko'),
(2037, 210, 2018, 'Comeback after mental health break'),
(2038, 210, 2020, 'Wins WBC heavyweight title'),
(2039, 210, 2022, 'Retains title vs Whyte'),
(2040, 210, 2023, 'Undisputed championship fight'),
(2041, 211, 2012, 'Olympic gold medal in London'),
(2042, 211, 2018, 'Undisputed cruiserweight champion'),
(2043, 211, 2021, 'Wins heavyweight title from Joshua'),
(2044, 211, 2022, 'Rematch victory over Joshua'),
(2045, 211, 2024, 'Seeks undisputed heavyweight status'),
(2046, 212, 2012, 'Olympic gold medal in London'),
(2047, 212, 2016, 'Wins first heavyweight title'),
(2048, 212, 2019, 'Suffers first loss to Ruiz'),
(2049, 212, 2021, 'Loses titles to Usyk'),
(2050, 212, 2024, 'Career resurgence'),
(2051, 213, 2008, 'Olympic bronze medal in Beijing'),
(2052, 213, 2015, 'Wins WBC heavyweight title'),
(2053, 213, 2018, 'Fight of the Year vs Fury (draw)'),
(2054, 213, 2020, 'Loses title to Fury'),
(2055, 213, 2023, 'Comeback fight vs Helenius'),
(2056, 214, 2008, 'Olympic gold in Beijing'),
(2057, 214, 2012, 'Second Olympic gold in London'),
(2058, 214, 2014, 'Fastest to win world title (3rd fight)'),
(2059, 214, 2020, 'Loses unified lightweight titles'),
(2060, 214, 2023, 'Returns to championship level'),
(2061, 215, 2014, 'Wins first world title in 6th fight'),
(2062, 215, 2018, 'Unified bantamweight champion'),
(2063, 215, 2022, 'Undisputed bantamweight champion'),
(2064, 215, 2023, 'Moves up to super bantamweight'),
(2065, 215, 2024, 'Seeks multi-division dominance'),
(2066, 216, 2017, 'Wins first world title (IBF super featherweight)'),
(2067, 216, 2020, 'KO victory over Santa Cruz'),
(2068, 216, 2021, 'Moves up to lightweight'),
(2069, 216, 2023, 'Super fight vs Ryan Garcia'),
(2070, 216, 2024, 'Lightweight title unification'),
(2071, 217, 2016, 'Professional debut at age 17'),
(2072, 217, 2020, 'Viral knockout of Francisco Fonseca'),
(2073, 217, 2021, 'Wins interim lightweight title'),
(2074, 217, 2023, 'Fights Gervonta Davis in super fight'),
(2075, 217, 2024, 'Comeback after first loss'),
(2076, 218, 2015, 'Professional debut at age 17'),
(2077, 218, 2019, 'Becomes youngest world champion'),
(2078, 218, 2022, 'Undisputed lightweight champion'),
(2079, 218, 2023, 'Moves up to super lightweight'),
(2080, 218, 2024, 'Wins super lightweight title'),
(2081, 219, 2013, 'World Championships gold medal'),
(2082, 219, 2017, 'Wins first world title (IBF)'),
(2083, 219, 2019, 'Unifies light heavyweight titles'),
(2084, 219, 2022, 'Adds WBO title to collection'),
(2085, 219, 2024, 'Undisputed light heavyweight fight'),
(2086, 220, 2019, 'F1 debut with McLaren'),
(2087, 220, 2020, 'First F1 podium'),
(2088, 220, 2023, 'Multiple podium finishes and breakout performance'),
(2089, 220, 2024, 'First F1 Grand Prix win'),
(2090, 220, 2025, 'Established as one of the fastest drivers on the grid'),
(2091, 221, 2016, 'Olympic Bronze – Rio (69 kg)'),
(2092, 221, 2019, 'African & Arab dominance across categories'),
(2093, 221, 2022, 'World Championships Gold – 76 kg'),
(2094, 221, 2024, 'Olympic Silver – Paris (81 kg)'),
(2095, 221, 2025, 'Top-ranked lifter in 81 kg globally'),
(2096, 222, 2016, 'Professional debut with Wadi Degla'),
(2097, 222, 2021, 'Debut for Egypt national team'),
(2098, 222, 2022, 'Impressive Bundesliga season on loan spells'),
(2099, 222, 2023, 'Breakout season with Eintracht Frankfurt'),
(2100, 222, 2025, 'Established among top forwards in Bundesliga');

-- --------------------------------------------------------

--
-- Table structure for table `championships`
--

CREATE TABLE `championships` (
  `id` int(10) UNSIGNED NOT NULL,
  `sport_id` int(10) UNSIGNED NOT NULL,
  `name` varchar(200) NOT NULL,
  `image` varchar(255) DEFAULT NULL,
  `description` text DEFAULT NULL
) ENGINE=InnoDB DEFAULT CHARSET=utf8mb4 COLLATE=utf8mb4_general_ci;

--
-- Dumping data for table `championships`
--

INSERT INTO `championships` (`id`, `sport_id`, `name`, `image`, `description`) VALUES
(127, 2, 'FIFA World Cup', 'images/football_worldcup.jpg', 'The FIFA World Cup is the premier international football tournament, first held in 1930 in Uruguay. The inaugural champion was Uruguay, who defeated Argentina 4-2 in the final. The last 5 champions: Argentina (2022), France (2018), Germany (2014), Spain (2010), Italy (2006).'),
(128, 2, 'UEFA Champions League', 'images/uefa_champions_league.jpg', 'The UEFA Champions League is Europe\'s elite club football competition, established in 1955 as the European Cup and rebranded in 1992. The first champion was Real Madrid, who defeated Stade de Reims 4-3 in the 1956 final. The last 5 champions: Real Madrid (2024), Manchester City (2023), Real Madrid (2022), Chelsea (2021), Bayern Munich (2020).'),
(129, 2, 'UEFA European Championship', 'images/UEFA.jpg', 'The UEFA European Championship (Euros) is the primary national team competition in Europe, first held in 1960. The inaugural champion was the Soviet Union, who defeated Yugoslavia 2-1. The last 5 champions: Spain (2024), Italy (2021), Portugal (2016), Spain (2012), Spain (2008).'),
(130, 2, 'Copa America', 'images/copa_america.jpg', 'Copa América is the oldest continental football championship, first held in 1916 in Argentina to celebrate their independence centenary. The first champion was Uruguay. The last 5 champions: Argentina (2024), Argentina (2021), Brazil (2019), Chile (2016), Chile (2015).'),
(131, 3, 'NBA Finals', 'images/nba_finals.jpg', 'The NBA Finals is the championship series of the National Basketball Association, first held in 1947 when the league was called the BAA. The first champion was the Philadelphia Warriors, who defeated the Chicago Stags 4-1. The last 5 champions: Boston Celtics (2024), Denver Nuggets (2023), Golden State Warriors (2022), Milwaukee Bucks (2021), Los Angeles Lakers (2020).'),
(132, 3, 'FIBA World Cup', 'images/fiba_worldcup.jpg', 'The FIBA Basketball World Cup is the premier international basketball tournament, first held in 1950 in Argentina. The inaugural champion was Argentina, who defeated the United States in the final. The last 5 champions: Germany (2023), Spain (2019), United States (2014), United States (2010), Spain (2006).'),
(133, 3, 'EuroLeague', 'images/euroleague.jpg', 'The EuroLeague is the top-tier European professional basketball club competition, established by FIBA in 1958 and taken over by Euroleague Basketball in 2000. The first champion was ASK Riga (Soviet Union). The last 5 champions: Panathinaikos (2024), Real Madrid (2023), Anadolu Efes (2022), Anadolu Efes (2021), CSKA Moscow (2019).'),
(134, 3, 'NCAA Championship', 'images/ncaa_championship.jpg', 'The NCAA Men\'s Basketball Championship (March Madness) is the annual college basketball tournament in the United States, first held in 1939. The first champion was the University of Oregon, who defeated Ohio State 46-33. The last 5 champions: UConn (2024), UConn (2023), Kansas (2022), Baylor (2021), Virginia (2019).'),
(135, 6, 'Wimbledon', 'images/wimbledon.jpg', 'Wimbledon is the oldest tennis tournament in the world, first held in 1877 at the All England Lawn Tennis and Croquet Club. The first champion was Spencer Gore in Gentlemen\'s Singles. The last 5 men\'s singles champions: Carlos Alcaraz (2024), Carlos Alcaraz (2023), Novak Djokovic (2022), Novak Djokovic (2021), Novak Djokovic (2019).'),
(136, 6, 'US Open', 'images/us_open.jpg', 'The US Open is one of the four Grand Slam tennis tournaments, first held in 1881 as the U.S. National Championship. The first men\'s singles champion was Richard Sears. The last 5 men\'s singles champions: Jannik Sinner (2024), Novak Djokovic (2023), Carlos Alcaraz (2022), Daniil Medvedev (2021), Dominic Thiem (2020).'),
(137, 6, 'French Open', 'images/french_open.jpg', 'The French Open (Roland Garros) is a major tennis tournament held in Paris, first played in 1891 as the Championnat de France. The first men\'s singles champion was H. Briggs (a British player residing in Paris). The last 5 men\'s singles champions: Carlos Alcaraz (2024), Novak Djokovic (2023), Rafael Nadal (2022), Novak Djokovic (2021), Rafael Nadal (2020).'),
(138, 6, 'Australian Open', 'images/australian_open.jpg', 'The Australian Open is the first Grand Slam of the calendar year, first held in 1905 as the Australasian Championships. The first men\'s singles champion was Rodney Heath. The last 5 men\'s singles champions: Jannik Sinner (2024), Novak Djokovic (2023), Rafael Nadal (2022), Novak Djokovic (2021), Novak Djokovic (2020).'),
(139, 15, 'MLB World Series', 'images/mlb_worldseries.jpg', 'The MLB World Series is the annual championship series of Major League Baseball, first held in 1903. The first champion was the Boston Americans (now Red Sox), who defeated the Pittsburgh Pirates 5-3. The last 5 champions: Texas Rangers (2023), Houston Astros (2022), Atlanta Braves (2021), Los Angeles Dodgers (2020), Washington Nationals (2019).'),
(140, 15, 'Japan Series', 'images/japan_series.jpg', 'The Japan Series is the annual championship of Nippon Professional Baseball, first held in 1950. The first champion was the Mainichi Orions. The last 5 champions: Hanshin Tigers (2023), Orix Buffaloes (2022), Tokyo Yakult Swallows (2021), Fukuoka SoftBank Hawks (2020), Fukuoka SoftBank Hawks (2019).'),
(141, 15, 'Caribbean Series', 'images/caribbean_series.jpg', 'The Caribbean Series is the annual baseball tournament featuring the winter league champions from Latin America, first held in 1949 in Havana, Cuba. The first champion was Alacranes del Almendares (Cuba). The last 5 champions: Tiburones de La Guaira (Venezuela, 2024), Tigres del Licey (Dominican Republic, 2023), Caimanes de Barranquilla (Colombia, 2022), Águilas Cibaeñas (Dominican Republic, 2021), Toros del Este (Dominican Republic, 2020).'),
(142, 1, 'FIVB World Championship', 'images/fivb_world_championship.jpg', 'The FIVB Volleyball Men\'s World Championship is the premier international volleyball tournament, first held in 1949 in Prague, Czechoslovakia. The first champion was the Soviet Union. The last 5 champions: Italy (2022), Poland (2018), Poland (2014), Brazil (2010), Brazil (2006).'),
(143, 7, 'The Masters', 'images/the_masters.jpg', 'The Masters Tournament is one of golf\'s four major championships, first held in 1934 at Augusta National Golf Club. The first champion was Horton Smith. The last 5 champions: Scottie Scheffler (2024), Jon Rahm (2023), Scottie Scheffler (2022), Hideki Matsuyama (2021), Dustin Johnson (2020).'),
(144, 7, 'US Open Golf', 'images/us_open_golf.jpg', 'The US Open Golf Championship is the second-oldest major, first held in 1895 at Newport Country Club. The first champion was Horace Rawlins. The last 5 champions: Bryson DeChambeau (2024), Wyndham Clark (2023), Matthew Fitzpatrick (2022), Jon Rahm (2021), Bryson DeChambeau (2020).'),
(145, 7, 'The Open Championship', 'images/open_championship.jpg', 'The Open Championship (British Open) is the oldest golf major, first held in 1860 at Prestwick Golf Club in Scotland. The first champion was Willie Park Sr. The last 5 champions: Xander Schauffele (2024), Brian Harman (2023), Cameron Smith (2022), Collin Morikawa (2021), Shane Lowry (2019).'),
(146, 7, 'PGA Championship', 'images/pga_championship.jpg', 'The PGA Championship is one of golf\'s four majors, first held in 1916 at Siwanoy Country Club. The first champion was Jim Barnes. The last 5 champions: Xander Schauffele (2024), Brooks Koepka (2023), Justin Thomas (2022), Phil Mickelson (2021), Collin Morikawa (2020).'),
(147, 12, 'Stanley Cup', 'images/stanley_cup.jpg', 'The Stanley Cup is the championship trophy of the National Hockey League (NHL), first awarded in 1893, making it the oldest professional sports trophy in North America. The first champion was the Montreal Hockey Club (Montreal AAA). The last 5 champions: Florida Panthers (2024), Vegas Golden Knights (2023), Colorado Avalanche (2022), Tampa Bay Lightning (2021), Tampa Bay Lightning (2020).'),
(148, 12, 'World Ice Hockey Championship', 'images/world_hockey_championship.jpg', 'The IIHF World Ice Hockey Championship is the premier annual international men\'s ice hockey tournament, first held officially in 1920 (as part of the Summer Olympics). The first champion was Canada, represented by the Winnipeg Falcons. The last 5 champions: Czechia (2024), Canada (2023), Finland (2022), Canada (2021), Finland (2019).'),
(149, 12, 'Champions Hockey League', 'images/champions_hockey_league.jpg', 'The Champions Hockey League (CHL) is Europe\'s elite club ice hockey competition, launched in its current format in 2014. The first champion was Luleå HF (Sweden). The last 5 champions: Genève-Servette HC (2024), Tappara (2023), Rögle BK (2022), Frölunda HC (2020), Frölunda HC (2019).'),
(150, 12, 'Asian Hockey Championship', 'images/asian_hockey_championship.jpg', 'The Asian Hockey Championship (field hockey) is organized by the Asian Hockey Federation, first held for men in 1982 in Karachi, Pakistan. The inaugural champion was Pakistan. The last 5 champions: South Korea (2022), India (2017 - tournament not held in 2021), India (2013), India (2007), South Korea (1999).'),
(151, 13, 'Tour de France', 'images/tour_de_france.jpg', 'The Tour de France is the most prestigious cycling race in the world, first held in 1903 as a publicity stunt for the newspaper L\'Auto. The first champion was Maurice Garin. The last 5 champions: Tadej Pogačar (2024 - UAE Team Emirates), Jonas Vingegaard (2023 - Jumbo-Visma), Jonas Vingegaard (2022 - Jumbo-Visma), Tadej Pogačar (2021 - UAE Team Emirates), Tadej Pogačar (2020 - UAE Team Emirates).'),
(152, 13, 'Giro d\'Italia', 'images/giro_d_italia.jpg', 'The Giro d\'Italia is one of cycling\'s three Grand Tours, first held in 1909 to promote the newspaper La Gazzetta dello Sport. The first champion was Luigi Ganna. The last 5 champions: Tadej Pogačar (2024 - UAE Team Emirates), Primož Roglič (2023 - Jumbo-Visma), Jai Hindley (2022 - Bora-Hansgrohe), Egan Bernal (2021 - Ineos Grenadiers), Tao Geoghegan Hart (2020 - Ineos Grenadiers).'),
(153, 13, 'UCI Road World Championships', 'images/uci_world_championships.jpg', 'The UCI Road World Championships is the annual world championship for road bicycle racing, first held in 1921 in Copenhagen, Denmark. The first men\'s road race champion was Gunnar Sköld (Sweden). The last 5 men\'s road race champions: Mathieu van der Poel (2023), Remco Evenepoel (2022), Julian Alaphilippe (2021), Julian Alaphilippe (2020), Mads Pedersen (2019).'),
(154, 9, 'Boston Marathon', 'images/boston_marathon.jpg', 'The Boston Marathon is the world\'s oldest annual marathon, first held in 1897 by the Boston Athletic Association. The first champion was John J. McDermott. The last 5 men\'s champions: Sisay Lemma (2024), Evans Chebet (2023), Evans Chebet (2022), Benson Kipruto (2021), Lawrence Cherono (2019).'),
(155, 9, 'New York Marathon', 'images/ny_marathon.jpg', 'The New York City Marathon is the largest marathon in the world, first held in 1970 entirely within Central Park with only 127 participants. The first champion was Gary Muhrcke. The last 5 men\'s champions: Tamirat Tola (2023), Evans Chebet (2022), Albert Korir (2021), Geoffrey Kamworor (2019), Lelisa Desisa (2018).'),
(156, 9, 'London Marathon', 'images/london_marathon.jpg', 'The London Marathon is one of the six World Marathon Majors, first held in 1981, founded by Chris Brasher and John Disley. The first men\'s champion was Dick Beardsley (tied with Inge Simonsen). The last 5 men\'s champions: Alexander Mutiso Munyao (2024), Kelvin Kiptum (2023), Amos Kipruto (2022), Sisay Lemma (2021), Shura Kitata (2020).'),
(157, 9, 'Berlin Marathon', 'images/berlin_marathon.jpg', 'The Berlin Marathon is renowned for its fast, flat course and multiple world records, first held in 1974. The first champion was Günter Hallas. The last 5 men\'s champions: Eliud Kipchoge (2023), Eliud Kipchoge (2022), Guye Adola (2021), Kenenisa Bekele (2019), Eliud Kipchoge (2018).'),
(158, 8, 'Olympics Swimming', 'images/olympics_swimming.jpg', 'Olympic Swimming has been part of every modern Olympic Games since 1896 in Athens. The first Olympic swimming champion was Alfréd Hajós of Hungary (100m and 1200m freestyle). This is a multi-event competition; the most recent dominant nation in the medal table is the United States, who topped the swimming medal table at Tokyo 2020 and Paris 2024.'),
(159, 8, 'European Swimming Championships', 'images/european_swimming.jpg', 'The European Aquatics Championships is the premier continental swimming competition, first held in 1926 in Budapest, Hungary. The first nation to top the medal table was Germany. The last 5 editions (men\'s top nation): LEN European Aquatics Championships (held every 2 years) – Great Britain (2021), Russia (2020), Great Britain (2018), Great Britain (2016).'),
(160, 8, 'Pan Pacific Championships', 'images/pan_pacific.jpg', 'The Pan Pacific Swimming Championships is a major international swimming event featuring nations bordering the Pacific Ocean, first held in 1985 in Tokyo, Japan. The first champion nation topping the medal table was the United States. The last 5 editions: United States has dominated nearly every edition; the most recent was 2018 in Tokyo, where the USA topped the medal table.'),
(161, 10, 'WBC World Title', 'images/wbc_world_title.jpg', 'The WBC (World Boxing Council) World Title is one of the four major sanctioning bodies in professional boxing, founded in 1963 in Mexico City. The first WBC heavyweight champion was Sonny Liston. The last 5 WBC heavyweight champions: Oleksandr Usyk (2024-present), Tyson Fury (2020-2024), Deontay Wilder (2015-2020), Bermane Stiverne (2014-2015), Vitali Klitschko (2008-2013).'),
(162, 10, 'WBA Championship', 'images/wba_championship.jpg', 'The WBA (World Boxing Association) is the oldest of the four major sanctioning bodies, founded in 1921 as the National Boxing Association (NBA) and renamed in 1962. The first recognized champion was Jack Dempsey (heavyweight). The last 5 WBA heavyweight champions: Oleksandr Usyk (Super champion, 2021-present), Anthony Joshua (2019-2021), Manuel Charr (Regular champion), Trevor Bryan (Regular champion).'),
(163, 10, 'IBF World Title', 'images/ibf_world_title.jpg', 'The IBF (International Boxing Federation) was founded in 1983 after breaking away from the WBA. The first IBF heavyweight champion was Larry Holmes. The last 5 IBF heavyweight champions: Oleksandr Usyk (2021-present), Anthony Joshua (2019-2021), Andy Ruiz Jr. (2019), Anthony Joshua (2016-2019), Charles Martin (2016).'),
(164, 10, 'WBO Championship', 'images/wbo_championship.jpg', 'The WBO (World Boxing Organization) was founded in 1988 in Puerto Rico and gained full major sanctioning body status by the late 1990s. The first WBO heavyweight champion was Francesco Damiani. The last 5 WBO heavyweight champions: Oleksandr Usyk (2021-present), Anthony Joshua (2019-2021), Andy Ruiz Jr. (2019), Joseph Parker (2016-2018), Tyson Fury (2015-2016).'),
(165, 14, 'UFC Championship', 'images/ufc_championship.jpg', 'The UFC (Ultimate Fighting Championship) is the premier MMA promotion, founded in 1993. The first UFC tournament champion was Royce Gracie at UFC 1. The last 5 UFC Heavyweight Champions: Jon Jones (2023-present), Francis Ngannou (2021-2023), Stipe Miocic (2019-2021), Daniel Cormier (2018-2019), Stipe Miocic (2016-2018).'),
(166, 14, 'Bellator MMA', 'images/bellator_mma.jpg', 'Bellator MMA is a major American mixed martial arts promotion founded in 2008 by Bjorn Rebney. The first Bellator heavyweight champion was Cole Konrad (2010). The last 5 Bellator Heavyweight Champions: Ryan Bader (2019-present as of 2024 - division merged/absorbed into PFL after acquisition), Valentin Moldavsky (Interim), Ryan Bader is the long-reigning champion since defeating Fedor Emelianenko.'),
(167, 14, 'PFL Championship', 'images/pfl_championship.jpg', 'The PFL (Professional Fighters League) was founded in 2017 (evolved from World Series of Fighting, 2012). It features a unique season and playoff format. The first PFL heavyweight season champion was Philipe Lins (2018). The last 5 PFL Heavyweight season champions: Renan Ferreira (2023), Ante Delija (2022), Bruno Cappelozza (2021), Ali Isaev (2019), Philipe Lins (2018).'),
(168, 14, 'Rizin FF', 'images/rizin_ff.jpg', 'Rizin Fighting Federation is Japan\'s premier MMA promotion, founded in 2015 by Nobuyuki Sakakibara (former Pride FC president). The promotion holds open-weight Grand Prix tournaments. The first Rizin Openweight Grand Prix champion was Mirko Cro Cop (2016). The last 5 Rizin Heavyweight/OwGP champions: The promotion favors tournament formats; recent Grand Prix winners include individuals rather than long-reigning champions.'),
(169, 16, 'Drivers\' Championship', 'images/Drivers_Championship.jpg', 'The Formula One World Drivers\' Championship is the most prestigious title in motorsport, awarded annually by the FIA to the most successful Formula One driver over a season. First held in 1950, the inaugural championship was won by Italian driver Giuseppe Farina driving for Alfa Romeo. The championship uses a points system based on race finishing positions, with the driver accumulating the most points over the season crowned World Champion.\r\n\r\nLast 5 Winners:\r\n• 2024: Max Verstappen (Netherlands) - Red Bull Racing\r\n• 2023: Max Verstappen (Netherlands) - Red Bull Racing\r\n• 2022: Max Verstappen (Netherlands) - Red Bull Racing\r\n• 2021: Max Verstappen (Netherlands) - Red Bull Racing\r\n• 2020: Lewis Hamilton (United Kingdom) - Mercedes'),
(170, 16, 'Constructors\' Championship', 'images/Constructors_Championship.jpg', 'The Formula One World Constructors\' Championship is awarded annually by the FIA to the most successful Formula One constructor (team) over a season. Introduced in 1958, the first Constructors\' Championship was won by Vanwall, a British team. The championship considers the combined points scored by both drivers of each team throughout the season, making teamwork and car reliability crucial factors for success.\r\n\r\nLast 5 Winners:\r\n• 2024: McLaren-Mercedes\r\n• 2023: Red Bull Racing-Honda RBPT\r\n• 2022: Red Bull Racing-RBPT\r\n• 2021: Mercedes\r\n• 2020: Mercedes'),
(171, 16, 'Italian Grand Prix (Monza)', 'images/Italian_Grand_Prix_Monza.jpg', 'The Italian Grand Prix at Monza is one of the oldest and most iconic races on the Formula One calendar, first held in 1921. Known as \"The Temple of Speed,\" the Autodromo Nazionale di Monza is famous for its high-speed straights and passionate Tifosi (Ferrari fans). It has been a permanent fixture in the F1 World Championship since the inaugural 1950 season. The first Formula One Italian Grand Prix winner at Monza was Giuseppe Farina in 1950.\r\n\r\nLast 5 Winners:\r\n• 2024: Charles Leclerc (Monaco) - Ferrari\r\n• 2023: Max Verstappen (Netherlands) - Red Bull Racing\r\n• 2022: Max Verstappen (Netherlands) - Red Bull Racing\r\n• 2021: Daniel Ricciardo (Australia) - McLaren\r\n• 2020: Pierre Gasly (France) - AlphaTauri'),
(172, 16, 'Monaco Grand Prix', 'images/Monaco_Grand_Prix.jpg', 'The Monaco Grand Prix is widely considered one of the most prestigious and glamorous automobile races in the world. First held in 1929, it runs through the narrow, winding streets of Monte Carlo and La Condamine. It has been part of the Formula One World Championship since 1950. The first F1 Monaco Grand Prix winner was Juan Manuel Fangio in 1950. The circuit is notorious for its difficulty, with tight corners, elevation changes, and virtually no room for error, making overtaking extremely challenging.\r\n\r\nLast 5 Winners:\r\n• 2024: Charles Leclerc (Monaco) - Ferrari\r\n• 2023: Max Verstappen (Netherlands) - Red Bull Racing\r\n• 2022: Sergio Pérez (Mexico) - Red Bull Racing\r\n• 2021: Max Verstappen (Netherlands) - Red Bull Racing\r\n• 2019: Lewis Hamilton (United Kingdom) - Mercedes'),
(173, 16, 'British Grand Prix', 'images/British_Grand_Prix.jpg', 'The British Grand Prix is a historic Formula One race held at the Silverstone Circuit, widely regarded as the home of British motorsport and the birthplace of Formula One. The first British Grand Prix was held in 1926 at Brooklands, but the first Formula One World Championship British Grand Prix took place at Silverstone in 1950, won by Giuseppe Farina. Silverstone\'s high-speed layout, featuring iconic corners like Copse, Maggots, Becketts, and Stowe, makes it a favorite among drivers and fans alike.\r\n\r\nLast 5 Winners:\r\n• 2024: Lewis Hamilton (United Kingdom) - Mercedes\r\n• 2023: Max Verstappen (Netherlands) - Red Bull Racing\r\n• 2022: Carlos Sainz Jr. (Spain) - Ferrari\r\n• 2021: Lewis Hamilton (United Kingdom) - Mercedes\r\n• 2020: Lewis Hamilton (United Kingdom) - Mercedes');

-- --------------------------------------------------------

--
-- Table structure for table `clubs`
--

CREATE TABLE `clubs` (
  `id` int(10) UNSIGNED NOT NULL,
  `name` varchar(200) NOT NULL,
  `sport_id` int(10) UNSIGNED NOT NULL,
  `governorate` varchar(100) DEFAULT NULL,
  `image` varchar(255) DEFAULT NULL,
  `history` text DEFAULT NULL
) ENGINE=InnoDB DEFAULT CHARSET=utf8mb4 COLLATE=utf8mb4_general_ci;

--
-- Dumping data for table `clubs`
--

INSERT INTO `clubs` (`id`, `name`, `sport_id`, `governorate`, `image`, `history`) VALUES
(1, 'Real Madrid CF', 2, 'Madrid', 'images/clubs/real_madrid.png', 'Founded in 1902, Real Madrid CF is the most successful club in European football history. Honors: 15 UEFA Champions League titles (record), 36 La Liga titles, 20 Copa del Rey titles, 8 FIFA Club World Cups. Top 5 Players: Alfredo Di Stéfano, Cristiano Ronaldo, Raúl González, Iker Casillas, Sergio Ramos. Last 5 Trophies: UEFA Champions League (2024), La Liga (2024), Copa del Rey (2023), UEFA Super Cup (2022), La Liga (2022).'),
(2, 'FC Barcelona', 2, 'Barcelona', 'images/clubs/barcelona.png', 'Founded in 1899 by Joan Gamper, FC Barcelona is one of the world\'s most iconic football clubs, known for its \"tiki-taka\" style and \"Més que un club\" motto. Honors: 5 UEFA Champions League titles, 27 La Liga titles, 31 Copa del Rey titles, 3 FIFA Club World Cups. Top 5 Players: Lionel Messi, Johan Cruyff, Xavi Hernández, Andrés Iniesta, Ronaldinho. Last 5 Trophies: La Liga (2023), Copa del Rey (2021), La Liga (2019), Copa del Rey (2018), La Liga (2018).'),
(3, 'Manchester United', 2, 'Manchester', 'images/clubs/manchester_united.png', 'Founded in 1878 as Newton Heath, renamed Manchester United in 1902. Under Sir Alex Ferguson, the club dominated English football. Honors: 3 UEFA Champions League titles, 20 Premier League titles (record), 12 FA Cups. Top 5 Players: Bobby Charlton, George Best, Eric Cantona, Ryan Giggs, Wayne Rooney. Last 5 Trophies: FA Cup (2024), EFL Cup (2023), UEFA Europa League (2017), EFL Cup (2017), FA Cup (2016).'),
(4, 'Bayern Munich', 2, 'Munich', 'images/clubs/bayern_munich.png', 'Founded in 1900, FC Bayern Munich is Germany\'s most successful club, dominating the Bundesliga. Honors: 6 UEFA Champions League titles, 33 Bundesliga titles, 20 DFB-Pokal titles, 2 FIFA Club World Cups. Top 5 Players: Franz Beckenbauer, Gerd Müller, Karl-Heinz Rummenigge, Lothar Matthäus, Thomas Müller. Last 5 Trophies: Bundesliga (2023), DFL-Supercup (2022), Bundesliga (2022), Bundesliga (2021), DFL-Supercup (2021).'),
(5, 'Juventus FC', 2, 'Turin', 'images/clubs/juventus.png', 'Founded in 1897, Juventus FC is Italy\'s most successful club, known as \"La Vecchia Signora\" (The Old Lady). Honors: 2 UEFA Champions League titles, 36 Serie A titles, 14 Coppa Italia titles. Top 5 Players: Alessandro Del Piero, Michel Platini, Gianluigi Buffon, Roberto Baggio, Giampiero Boniperti. Last 5 Trophies: Coppa Italia (2024), Coppa Italia (2021), Serie A (2020), Supercoppa Italiana (2020), Serie A (2019).'),
(6, 'Liverpool FC', 2, 'Liverpool', 'images/clubs/liverpool.png', 'Founded in 1892, Liverpool FC is one of England\'s most historic clubs with a legendary European pedigree. Honors: 6 UEFA Champions League titles (most by English club), 19 Premier League titles, 8 FA Cups. Top 5 Players: Kenny Dalglish, Steven Gerrard, Ian Rush, Mohamed Salah, Virgil van Dijk. Last 5 Trophies: EFL Cup (2024), FA Cup (2022), EFL Cup (2022), Premier League (2020), UEFA Champions League (2019).'),
(7, 'Paris Saint-Germain', 2, 'Paris', 'images/clubs/psg.png', 'Founded in 1970, Paris Saint-Germain (PSG) has rapidly become France\'s dominant club, especially following Qatari investment in 2011. Honors: 11 Ligue 1 titles, 14 Coupe de France titles, 1 UEFA Cup Winners Cup. Top 5 Players: Zlatan Ibrahimović, Kylian Mbappé, Neymar Jr., Ronaldinho, Edinson Cavani. Last 5 Trophies: Ligue 1 (2024), Trophée des Champions (2023), Ligue 1 (2023), Ligue 1 (2022), Coupe de France (2021).'),
(8, 'INEOS Grenadiers', 13, 'London', 'images/clubs/ineos_grenadiers.png', 'Founded in 2010 as Team Sky, rebranded to Team INEOS in 2019 and INEOS Grenadiers in 2020. The most dominant Grand Tour team of the 2010s. Honors: 7 Tour de France titles, 3 Giro d\'Italia titles, 2 Vuelta a España titles. Top 5 Cyclists: Chris Froome, Bradley Wiggins, Geraint Thomas, Egan Bernal, Michał Kwiatkowski. Last 5 Grand Tour Wins: Giro d\'Italia (2021 - Egan Bernal), Giro d\'Italia (2020 - Tao Geoghegan Hart), Tour de France (2019 - Egan Bernal), Tour de France (2018 - Geraint Thomas), Tour de France (2017 - Chris Froome).'),
(9, 'Jumbo-Visma', 13, 'Amsterdam', 'images/clubs/jumbo_visma.png', 'Founded in 1984 as Kwantum, the team evolved through various sponsors to become Jumbo-Visma, now Visma-Lease a Bike. Currently the world\'s top-ranked UCI WorldTeam. Honors: 2 Tour de France titles, 2 Giro d\'Italia titles, 3 Vuelta a España titles. Top 5 Cyclists: Jonas Vingegaard, Primož Roglič, Wout van Aert, Sepp Kuss, Steven Kruijswijk. Last 5 Grand Tour Wins: Tour de France (2023 - Vingegaard), Giro d\'Italia (2023 - Roglič), Vuelta a España (2023 - Kuss), Tour de France (2022 - Vingegaard), Vuelta a España (2021 - Roglič).'),
(10, 'UAE Team Emirates', 13, 'Abu Dhabi', 'images/clubs/uae_team.png', 'Founded in 1990, originally Italian-registered as Lampre, became UAE Team Emirates in 2017 with backing from the United Arab Emirates. Honors: 3 Tour de France titles, 1 Giro d\'Italia title. Top 5 Cyclists: Tadej Pogačar, Alessandro Petacchi, Rui Costa, João Almeida, Fabio Aru. Last 5 Grand Tour Wins: Tour de France (2024 - Pogačar), Giro d\'Italia (2024 - Pogačar), Tour de France (2021 - Pogačar), Tour de France (2020 - Pogačar), Giro d\'Italia (2015 - Aru).'),
(11, 'Quick-Step Alpha Vinyl', 13, 'Brussels', 'images/clubs/quickstep.png', 'Founded in 1990, known for multiple incarnations including Deceuninck-Quick-Step and Soudal-Quick-Step. The most successful Classics team of the modern era. Honors: Over 900 UCI WorldTour wins, multiple monuments and Classics titles. Top 5 Cyclists: Tom Boonen, Julian Alaphilippe, Remco Evenepoel, Mark Cavendish, Paolo Bettini. Last 5 Grand Tour/Monument Wins: Vuelta a España (2022 - Evenepoel), Liège-Bastogne-Liège (2023 - Evenepoel), World Championship (2022 - Evenepoel), Tour of Flanders (2023 - Pogačar/team transfer note), Vuelta a España (2023 - Kuss/note).'),
(12, 'Bahrain Victorious', 13, 'Manama', 'images/clubs/bahrain_victorious.png', 'Founded in 2017 with backing from the Kingdom of Bahrain, Bahrain Victorious is a UCI WorldTeam that quickly established itself as a Grand Tour contender. Honors: 1 Giro d\'Italia title, multiple Grand Tour stage wins. Top 5 Cyclists: Mikel Landa, Damiano Caruso, Pello Bilbao, Matej Mohorič, Dylan Teuns. Last 5 Major Wins: Tour de France Stage (2023 - Bilbao), Giro d\'Italia Stage (2022 - Caruso), Tour de France Stage (2021 - Mohorič), Giro d\'Italia 2nd Place Overall (2021 - Caruso), Tour de France Stage (2020 - Bilbao).'),
(13, 'Bora-Hansgrohe', 13, 'Berlin', 'images/clubs/bora_hansgrohe.png', 'Founded in 2010 as Team NetApp, became Bora-Hansgrohe in 2017. A German-registered UCI WorldTeam known for its sprint and Grand Tour ambitions. Honors: 1 Giro d\'Italia title, multiple Grand Tour stage wins. Top 5 Cyclists: Jai Hindley, Peter Sagan, Sam Bennett, Emanuel Buchmann, Lennard Kämna. Last 5 Major Wins: Giro d\'Italia (2022 - Hindley), Giro d\'Italia Stage (2023 - Bennett), Tour de France Stage (2022 - Kämna), Tour de France Stage (2021 - Politt), Giro d\'Italia Stage (2021 - Bennett).'),
(14, 'Movistar Team', 13, 'Madrid', 'images/clubs/movistar.png', 'Founded in 1980, Movistar Team is the longest-running active professional cycling team, previously known as Reynolds, Banesto, and Caisse d\'Epargne. Honors: 1 Tour de France title (Miguel Indurain), multiple Grand Tour and WorldTour victories. Top 5 Cyclists: Miguel Indurain, Alejandro Valverde, Nairo Quintana, Enric Mas, Pedro Delgado. Last 5 Major Wins: Vuelta a España Stage (2023 - Mas), Giro d\'Italia Stage (2022 - Cortina), Vuelta a España Stage (2021 - Valverde), WorldTour Ranking Points (2020 - Valverde), Tour de France Stage (2020 - Soler).'),
(15, 'Mayweather Boxing Club', 10, 'Las Vegas', 'images/clubs/mayweather_boxing.png', 'Founded by Floyd Mayweather Sr. and made famous by Floyd Mayweather Jr., this Las Vegas-based gym is synonymous with defensive mastery and the \"Money Team\" brand. Honors: Produced Floyd Mayweather Jr., the undefeated 50-0 five-division world champion. Top 5 Boxers: Floyd Mayweather Jr., Gervonta Davis, Badou Jack, Ishe Smith, Ashley Theophane. Last 5 Major Fights/Titles: Gervonta Davis vs. Ryan Garcia (2023 - Davis KO win), Gervonta Davis vs. Rolly Romero (2022 - Davis TKO), Gervonta Davis WBA Lightweight Title defenses, Badou Jack WBC Cruiserweight Title (2023).'),
(16, 'Wild Card Boxing Club', 10, 'Los Angeles', 'images/clubs/wild_card.png', 'Owned by legendary trainer Freddie Roach, Wild Card Boxing Club in Hollywood, California, is one of the most famous boxing gyms globally. Honors: Home to Manny Pacquiao during his prime, producing numerous world champions. Top 5 Boxers: Manny Pacquiao, Miguel Cotto, Amir Khan, James Toney, Julio César Chávez Jr. Last 5 Major Fights/Titles: Manny Pacquiao vs. Yordenis Ugás (2021), Manny Pacquiao WBA Welterweight Title win over Keith Thurman (2019).'),
(17, 'Kronk Gym', 10, 'Detroit', 'images/clubs/kronk_gym.png', 'Founded in Detroit by Emanuel Steward, Kronk Gym became legendary for producing aggressive, knockout-punching champions. Honors: Produced Thomas Hearns, Lennox Lewis, and many other world champions. Top 5 Boxers: Thomas Hearns, Lennox Lewis, Wladimir Klitschko, Gerald McClellan, Hilmer Kenty. Last 5 Notable Achievements: The gym reopened in recent years; its legacy continues through fighters like Tony Harrison (former WBC Light Middleweight Champion) and the late Emanuel Steward\'s training philosophy.'),
(18, 'Gleason\'s Gym', 10, 'New York', 'images/clubs/gleasons.png', 'Founded in 1937 in Brooklyn, New York, Gleason\'s Gym is the oldest active boxing gym in the United States. It has trained over 130 world champions. Honors: A historic landmark of boxing, training legends from Muhammad Ali to Mike Tyson. Top 5 Boxers: Muhammad Ali (trained there), Mike Tyson, Jake LaMotta, Roberto Durán, Floyd Patterson. Last 5 Notable Events: Continues as a premier training facility hosting amateur and professional fighters, including numerous white-collar boxing events and film shoots.'),
(19, 'MTK Global', 10, 'London', 'images/clubs/mtk.png', 'MTK Global was a boxing management and promotional company founded in 2012. It managed numerous top fighters worldwide before ceasing operations in 2022. Top 5 Boxers Managed: Tyson Fury, Carl Frampton, Billy Joe Saunders, Michael Conlan, Terence Crawford (briefly). Last 5 Major Achievements Before Closure: Tyson Fury WBC Heavyweight Title defenses, Billy Joe Saunders WBO Super Middleweight Title, Josh Taylor Undisputed Super Lightweight Champion.'),
(20, 'Matchroom Boxing', 10, 'London', 'images/clubs/matchroom.png', 'Matchroom Boxing, founded by Barry Hearn and now run by Eddie Hearn, is the world\'s leading boxing promotional company. Honors: Promoted some of the biggest fights in modern boxing history. Top 5 Boxers: Anthony Joshua, Canelo Álvarez (briefly), Katie Taylor, Dmitry Bivol, Oleksandr Usyk. Last 5 Major Promoted Fights: Anthony Joshua vs. Francis Ngannou (2024), Anthony Joshua vs. Otto Wallin (2023), Katie Taylor vs. Chantelle Cameron II (2023), Canelo Álvarez vs. Dmitry Bivol (2022), Anthony Joshua vs. Oleksandr Usyk II (2022).'),
(21, 'Top Rank Boxing', 10, 'Las Vegas', 'images/clubs/top_rank.png', 'Founded by Bob Arum in 1973, Top Rank is one of the most historic and influential boxing promotional companies in the world. Honors: Promoted Muhammad Ali, Sugar Ray Leonard, Manny Pacquiao, and many Hall of Fame fighters. Top 5 Boxers: Muhammad Ali, Manny Pacquiao, Sugar Ray Leonard, Oscar De La Hoya, Tyson Fury (co-promotion). Last 5 Major Promoted Fights: Tyson Fury vs. Oleksandr Usyk (2024 - co-promotion), Naoya Inoue vs. Marlon Tapales (2023), Terence Crawford vs. Errol Spence Jr. (2023), Shakur Stevenson vs. Edwin De Los Santos (2023), Vasiliy Lomachenko vs. Devin Haney (2023).'),
(22, 'Netherlands Hockey', 12, 'Amsterdam', 'images/clubs/netherlands_hockey.png', 'The Royal Dutch Hockey Federation (KNHB) governs field hockey in the Netherlands, the most dominant nation in modern hockey history. Honors: Multiple Olympic gold medals (Men: 1996, 2000; Women: 1984, 2008, 2012, 2020, 2024), numerous World Cup and European titles. Top 5 Players: Teun de Nooijer, Paul Litjens, Floris Jan Bovelander, Lidewij Welten, Eva de Goede. Last 5 Major Titles: Women\'s Olympic Gold (2024), Women\'s World Cup (2022), Women\'s European Championship (2023), Men\'s European Championship (2023), Women\'s Olympic Gold (2020).'),
(23, 'Australian Hockey', 12, 'Sydney', 'images/clubs/australian_hockey.png', 'Hockey Australia governs field hockey in Australia, with the Kookaburras (men) and Hockeyroos (women) being powerhouse national teams. Honors: Men\'s Olympic Gold (2004), multiple Olympic, World Cup, and Commonwealth titles. Top 5 Players: Jamie Dwyer, Mark Knowles, Alyson Annan, Rechelle Hawkes, Eddie Ockenden. Last 5 Major Titles: Women\'s Commonwealth Gold (2022), Men\'s Commonwealth Gold (2022), Men\'s Oceania Cup (2023), Women\'s Oceania Cup (2023).'),
(24, 'German Hockey Federation', 12, 'Berlin', 'images/clubs/german_hockey.png', 'The German Hockey Federation (DHB) is one of Europe\'s most successful field hockey nations, with strong performances in both men\'s and women\'s competitions. Honors: Men\'s Olympic Gold (2008, 2012), multiple European and World Cup titles. Top 5 Players: Florian Fuchs, Moritz Fürste, Christopher Zeller, Natascha Keller, Janne Müller-Wieland. Last 5 Major Titles: Men\'s World Cup (2023), Men\'s European Championship (2022 - indoor), Women\'s European Championship (2021 - indoor), Men\'s Olympic Bronze (2016).'),
(25, 'Argentina Hockey', 12, 'Buenos Aires', 'images/clubs/argentina_hockey.png', 'The Argentine Hockey Confederation (CAH) governs field hockey in Argentina, with the women\'s team Las Leonas being particularly successful. Honors: Women\'s Olympic Silver (2000, 2012, 2020), Men\'s Olympic Gold (2016), multiple Champions Trophy titles. Top 5 Players: Luciana Aymar, Noel Barrionuevo, Agustina Albertario, Carla Rebecchi, Pedro Ibarra. Last 5 Major Titles: Women\'s Pan American Games Gold (2023), Men\'s Pan American Games Gold (2023), Women\'s World Cup Silver (2022), Women\'s Olympic Silver (2020).'),
(26, 'England Hockey', 12, 'London', 'images/clubs/england_hockey.png', 'England Hockey governs the sport in England and is part of Great Britain Hockey for Olympic competition. Honors: Men\'s Olympic Gold (1988 as GB), Women\'s Olympic Gold (2016 as GB), European titles. Top 5 Players: Sean Kerly, Kate Richardson-Walsh, Alex Danson, Barry Middleton, Ashley Jackson. Last 5 Major Titles: Women\'s Commonwealth Gold (2022 as England), Women\'s European Bronze (2023), Men\'s European Silver (2023 as England).'),
(27, 'Bowerman Track Club', 9, 'Portland', 'images/clubs/bowerman_track.png', 'Founded in 2012 by coach Jerry Schumacher, Bowerman Track Club is a professional distance running team based in Portland, Oregon. Honors: Olympic medals, World Championship medals, American records. Top 5 Athletes: Galen Rupp, Shelby Houlihan, Evan Jager, Lopez Lomong, Karissa Schweizer. Last 5 Major Achievements: World Athletics Championships medals (2023), USATF National titles (2023), Olympic medals in Tokyo 2020 (2021).'),
(28, 'NN Running Team', 9, 'Eindhoven', 'images/clubs/nn_running.png', 'Founded in 2017 by Global Sports Communication, NN Running Team is the premier international elite distance running team, based in the Netherlands. Honors: Multiple world records in marathon and road running. Top 5 Athletes: Eliud Kipchoge, Kenenisa Bekele, Joshua Cheptegei, Geoffrey Kamworor, Letesenbet Gidey. Last 5 Major Achievements: Eliud Kipchoge Berlin Marathon World Record (2022, 2:01:09), Eliud Kipchoge Tokyo Olympic Marathon Gold (2021), Kenenisa Bekele Berlin Marathon (2019, 2:01:41), Joshua Cheptegei 5000m World Record (2020).'),
(29, 'Global Sports Communication', 9, 'Eindhoven', 'images/clubs/global_sports.png', 'A premier athletics management agency based in the Netherlands, founded by Jos Hermens. It manages some of the greatest distance runners in history. Honors: Manages multiple world record holders and Olympic champions. Top 5 Athletes Managed: Haile Gebrselassie, Eliud Kipchoge, Kenenisa Bekele, Hicham El Guerrouj, Joshua Cheptegei. Last 5 Major Achievements: Eliud Kipchoge Marathon World Records, Joshua Cheptegei World Records (5000m, 10000m), Olympic Gold medals in distance events.'),
(30, 'Team Kenya Athletics', 9, 'Nairobi', 'images/clubs/team_kenya.png', 'Team Kenya represents Athletics Kenya, the governing body for track and field in Kenya, the world\'s dominant nation in middle and long-distance running. Honors: Hundreds of Olympic and World Championship medals, multiple world records. Top 5 Athletes: Kipchoge Keino, Eliud Kipchoge, David Rudisha, Faith Kipyegon, Vivian Cheruiyot. Last 5 Major Achievements: Faith Kipyegon 1500m and Mile World Records (2023), Kelvin Kiptum Marathon World Record (2023, 2:00:35), Olympic Gold medals at Tokyo 2020, World Championships Budapest 2023 multiple golds.'),
(31, 'Augusta National Golf Club', 7, 'Augusta', 'images/clubs/augusta_national.png', 'Founded in 1933 by Bobby Jones and Clifford Roberts, Augusta National Golf Club is the most iconic golf club in the world, hosting The Masters Tournament annually since 1934. Honors: Permanent host of The Masters, one of golf\'s four major championships. Top 5 Associated Players: Jack Nicklaus (6 Masters wins), Tiger Woods (5 Masters wins), Arnold Palmer (4 Masters wins), Phil Mickelson (3 Masters wins), Nick Faldo (3 Masters wins). Last 5 Masters Champions: Scottie Scheffler (2024), Jon Rahm (2023), Scottie Scheffler (2022), Hideki Matsuyama (2021), Dustin Johnson (2020).'),
(32, 'Pebble Beach Golf Links', 7, 'California', 'images/clubs/pebble_beach.png', 'Opened in 1919 in California, Pebble Beach Golf Links is one of the most beautiful and celebrated public golf courses in the world. Honors: Host to 6 US Open Championships, annual AT&T Pebble Beach Pro-Am. Top 5 Associated Players: Tiger Woods (2000 US Open winner), Jack Nicklaus (1972 US Open winner), Tom Watson (1982 US Open winner), Graeme McDowell (2010 US Open winner), Gary Woodland (2019 US Open winner). Last 5 US Open Champions at Pebble Beach: Gary Woodland (2019), Graeme McDowell (2010), Tiger Woods (2000), Tom Kite (1992), Tom Watson (1982).'),
(33, 'Royal Melbourne Golf Club', 7, 'Melbourne', 'images/clubs/royal_melbourne.png', 'Founded in 1891, Royal Melbourne Golf Club is Australia\'s oldest and most prestigious golf club, consistently ranked among the world\'s top courses. Honors: Host to Presidents Cup (1998, 2011, 2019), World Cup of Golf, multiple Australian Open Championships. Top 5 Associated Players: Peter Thomson, Greg Norman, Adam Scott, Ivo Whitton, Karrie Webb. Last 5 Major Events Hosted: Presidents Cup (2019), World Cup of Golf (2016, 2018), Australian Open (2022, 2019).'),
(34, 'Pine Valley Golf Club', 7, 'New Jersey', 'images/clubs/pine_valley.png', 'Founded in 1913 in New Jersey, Pine Valley Golf Club is consistently ranked the #1 golf course in the world by Golf Magazine and Golf Digest. Honors: Host to Walker Cup (1936, 1985) and numerous elite amateur events. Top 5 Associated Players/Designers: George Arthur Crump (founder/designer), H.S. Colt, A.W. Tillinghast, George C. Thomas Jr., Walter Travis. Last 5 Notable Events: Hosts the annual Crump Cup, a prestigious amateur invitational tournament only.'),
(35, 'USA Swimming National Team', 8, 'Colorado Springs', 'images/clubs/usa_swimming.png', 'The USA Swimming National Team is the most dominant force in competitive swimming, governed by USA Swimming since 1980. Honors: More Olympic swimming gold medals than any other nation (over 250 golds). Top 5 Swimmers: Michael Phelps (23 Olympic Gold), Mark Spitz (9 Olympic Gold), Katie Ledecky (10 Olympic Medals), Ryan Lochte (12 Olympic Medals), Caeleb Dressel (9 Olympic Gold). Last 5 Major Achievements: Paris 2024 Olympics (Multiple Gold medals), Tokyo 2020 Olympics (30 medals, 11 Gold), Budapest 2022 World Championships (45 medals, 17 Gold), Fukuoka 2023 World Championships (38 medals, 7 Gold).'),
(36, 'Chinese Swimming Association', 8, 'Beijing', 'images/clubs/chinese_swimming.png', 'The Chinese Swimming Association governs competitive swimming in China, which has become a global powerhouse in the sport. Honors: Multiple Olympic and World Championship gold medals, world records. Top 5 Swimmers: Sun Yang, Zhang Yufei, Wang Shun, Ye Shiwen, Qin Haiyang. Last 5 Major Achievements: Qin Haiyang 200m Breaststroke World Record (2023), Zhang Yufei multiple World Championship Golds (2023), Wang Shun Olympic Gold 200m IM (2021), Multiple medals at Fukuoka 2023 World Championships.'),
(37, 'British Swimming', 8, 'London', 'images/clubs/british_swimming.png', 'British Swimming is the national governing body for swimming in Great Britain, experiencing a golden era in the 21st century. Honors: Multiple Olympic Gold medals, World and European titles. Top 5 Swimmers: Adam Peaty, Duncan Scott, Tom Dean, Rebecca Adlington, James Guy. Last 5 Major Achievements: Paris 2024 Olympics medals, Tokyo 2020 Olympics (8 medals, 4 Gold), Budapest 2022 World Championships (multiple medals), Adam Peaty multiple World Records and titles.'),
(38, 'German Swimming Federation', 8, 'Berlin', 'images/clubs/german_swimming.png', 'The German Swimming Federation (DSV) is one of Europe\'s traditional swimming powers, with Olympic success dating back decades. Honors: Multiple Olympic and World Championship gold medals. Top 5 Swimmers: Michael Gross, Franziska van Almsick, Britta Steffen, Paul Biedermann, Florian Wellbrock. Last 5 Major Achievements: Florian Wellbrock Olympic Gold 10km Marathon (2021), Wellbrock World Championship Golds (2019, 2022, 2023), Open Water World titles (2022, 2023).'),
(39, 'IFBB Pro League', 5, 'Las Vegas', 'images/clubs/ifbb_pro.png', 'The IFBB Pro League (International Federation of Bodybuilding and Fitness) was founded in 1965 by Joe and Ben Weider. It sanctions professional bodybuilding competitions globally. Honors: Organizes the Mr. Olympia contest, the most prestigious title in bodybuilding. Top 5 Bodybuilders: Arnold Schwarzenegger (7 Mr. Olympia), Lee Haney (8 Mr. Olympia), Ronnie Coleman (8 Mr. Olympia), Phil Heath (7 Mr. Olympia), Dorian Yates (6 Mr. Olympia). Last 5 Mr. Olympia Champions: Derek Lunsford (2023), Hadi Choopan (2022), Mamdouh \"Big Ramy\" Elssbiay (2021, 2020), Brandon Curry (2019), Shawn Rhoden (2018).'),
(40, 'Arnold Sports Festival', 5, 'Columbus', 'images/clubs/arnold_festival.png', 'Founded in 1989 by Arnold Schwarzenegger and Jim Lorimer, the Arnold Sports Festival is the largest multi-sport festival in the world, held annually in Columbus, Ohio. Honors: Features the Arnold Classic, the second-most prestigious bodybuilding competition after Mr. Olympia. Top 5 Associated Champions: Dexter Jackson (record 5 Arnold Classic wins), Flex Wheeler, Kai Greene, Branch Warren, William Bonac. Last 5 Arnold Classic Champions: Samson Dauda (2024), Samson Dauda (2023), Brandon Curry (2022), William Bonac (2018, 2020).'),
(41, 'Metroflex Gym', 5, 'Arlington', 'images/clubs/metroflex.png', 'Founded in 1986 by Brian Dobson in Arlington, Texas, Metroflex Gym became legendary as the training home of Ronnie Coleman and Branch Warren. Honors: Known for its intense, old-school bodybuilding culture and \"hardcore\" training environment. Top 5 Associated Bodybuilders: Ronnie Coleman (8x Mr. Olympia trained here for his entire career), Branch Warren, Johnnie Jackson, Cory Mathews, Brian Dobson. Last 5 Notable Achievements: The gym remains a pilgrimage site for serious bodybuilders worldwide and continues to produce competitive bodybuilders.'),
(42, 'Olympia Weekend', 5, 'Las Vegas', 'images/clubs/olympia.png', 'The Joe Weider\'s Olympia Fitness & Performance Weekend is the premier bodybuilding event, organized by the IFBB Pro League. Held annually since 1965. Honors: Hosts the Mr. Olympia contest, the ultimate title in professional bodybuilding. Top 5 Mr. Olympia Champions: Ronnie Coleman (8 titles), Lee Haney (8 titles), Arnold Schwarzenegger (7 titles), Phil Heath (7 titles), Dorian Yates (6 titles). Last 5 Mr. Olympia Winners: Derek Lunsford (2023), Hadi Choopan (2022), Mamdouh \"Big Ramy\" Elssbiay (2020, 2021), Brandon Curry (2019), Shawn Rhoden (2018).'),
(43, 'Los Angeles Lakers', 3, 'Los Angeles', 'images/clubs/lakers.png', 'Founded in 1947, the Los Angeles Lakers are one of the NBA\'s most iconic franchises, known for Showtime and championship dynasties. Honors: 17 NBA Championships (tied for most all-time). Top 5 Players: Magic Johnson, Kareem Abdul-Jabbar, Kobe Bryant, Shaquille O\'Neal, LeBron James. Last 5 NBA Titles: 2020 (NBA Bubble), 2010, 2009, 2002, 2001.'),
(44, 'Chicago Bulls', 3, 'Chicago', 'images/clubs/bulls.png', 'Founded in 1966, the Chicago Bulls became a global phenomenon in the 1990s under Michael Jordan\'s leadership. Honors: 6 NBA Championships (1991-1993, 1996-1998). Top 5 Players: Michael Jordan, Scottie Pippen, Dennis Rodman, Derrick Rose, Jerry Sloan. Last 5 Playoff Achievements: NBA Play-In Tournament appearances (2023, 2024), First Round exit (2022), First Round exit (2017). Last Championship: 1998.'),
(45, 'Golden State Warriors', 3, 'San Francisco', 'images/clubs/warriors.png', 'Founded in 1946 in Philadelphia, the Golden State Warriors created a modern dynasty in the Bay Area under Stephen Curry. Honors: 7 NBA Championships. Top 5 Players: Stephen Curry, Wilt Chamberlain, Kevin Durant, Rick Barry, Klay Thompson. Last 5 NBA Titles: 2022, 2018, 2017, 2015, 1975.'),
(46, 'Boston Celtics', 3, 'Boston', 'images/clubs/celtics.png', 'Founded in 1946, the Boston Celtics are the most decorated franchise in NBA history. Honors: 18 NBA Championships (all-time record). Top 5 Players: Bill Russell, Larry Bird, John Havlicek, Paul Pierce, Bob Cousy. Last 5 NBA Titles: 2024, 2008, 1986, 1984, 1981.'),
(47, 'Miami Heat', 3, 'Miami', 'images/clubs/heat.png', 'Founded in 1988, the Miami Heat quickly became an NBA powerhouse, embodying \"Heat Culture\" under Pat Riley and Erik Spoelstra. Honors: 3 NBA Championships (2006, 2012, 2013). Top 5 Players: Dwyane Wade, LeBron James, Alonzo Mourning, Shaquille O\'Neal, Jimmy Butler. Last 5 Achievements: NBA Finalist (2023), NBA Finalist (2020), NBA Champion (2013), NBA Champion (2012), NBA Champion (2006).'),
(48, 'San Antonio Spurs', 3, 'San Antonio', 'images/clubs/spurs.png', 'Founded in 1967, the San Antonio Spurs built one of the NBA\'s most successful dynasties under Coach Gregg Popovich. Honors: 5 NBA Championships (1999, 2003, 2005, 2007, 2014). Top 5 Players: Tim Duncan, David Robinson, Tony Parker, Manu Ginóbili, Kawhi Leonard. Last 5 NBA Titles: 2014, 2007, 2005, 2003, 1999.'),
(49, 'FC Barcelona (Basketball)', 3, 'Barcelona', 'images/clubs/barcelona_bb.png', 'Founded in 1926, FC Barcelona Bàsquet is one of Europe\'s premier basketball clubs, competing in Liga ACB and EuroLeague. Honors: 2 EuroLeague titles, multiple ACB League and Copa del Rey titles. Top 5 Players: Juan Carlos Navarro, Pau Gasol, Dejan Bodiroga, Šarūnas Jasikevičius, Nikola Mirotić. Last 5 Trophies: ACB League (2023), Copa del Rey (2022), ACB League (2021), Copa del Rey (2021), Copa del Rey (2019).'),
(50, 'UFC Performance Institute', 14, 'Las Vegas', 'images/clubs/ufc_institute.png', 'Opened in 2017 in Las Vegas, the UFC Performance Institute is a state-of-the-art training, research, and rehabilitation facility for MMA athletes. Honors: Supports UFC\'s global roster with cutting-edge sports science. Top 5 Associated Fighters: Jon Jones, Israel Adesanya, Amanda Nunes, Kamaru Usman, Alexander Volkanovski (all utilized the facility). Last 5 Notable Events: Continues to serve as the primary training hub for UFC athletes, hosting fighter development programs and performance research.'),
(51, 'American Top Team', 14, 'Coconut Creek', 'images/clubs/american_top_team.png', 'Founded in 2001 by Dan Lambert in Coconut Creek, Florida, American Top Team (ATT) is one of the world\'s premier MMA gyms. Honors: Produced multiple UFC and Bellator champions. Top 5 Fighters: Amanda Nunes, Dustin Poirier, Jorge Masvidal, Junior dos Santos, Glover Teixeira. Last 5 Titles: Amanda Nunes UFC Featherweight/Bantamweight Champion defenses (2021-2023), Dustin Poirier UFC Lightweight Interim Champion (2019), Glover Teixeira UFC Light Heavyweight Champion (2021-2022).'),
(52, 'Jackson Wink MMA', 14, 'Albuquerque', 'images/clubs/jackson_wink.png', 'Founded by Greg Jackson and Mike Winkeljohn in Albuquerque, New Mexico, Jackson Wink MMA is a legendary training camp known for strategic fight IQ. Honors: Home to multiple UFC champions and Hall of Famers. Top 5 Fighters: Jon Jones, Georges St-Pierre, Holly Holm, Rashad Evans, Carlos Condit. Last 5 Major Achievements: Jon Jones UFC Heavyweight Championship win (2023), Jon Jones UFC Light Heavyweight title defenses, Holly Holm UFC Bantamweight Champion (2015-2016).'),
(53, 'AKA (American Kickboxing Academy)', 14, 'San Jose', 'images/clubs/aka.png', 'Founded in 1985 by Javier Mendez in San Jose, California, AKA is one of MMA\'s most accomplished gyms, specializing in wrestling and pressure fighting. Honors: Produced multiple UFC champions, especially at heavyweight and lightweight. Top 5 Fighters: Khabib Nurmagomedov, Daniel Cormier, Cain Velasquez, Islam Makhachev, Luke Rockhold. Last 5 Major Titles: Islam Makhachev UFC Lightweight Champion (2022-present), Khabib Nurmagomedov UFC Lightweight Champion (2018-2020), Daniel Cormier UFC Heavyweight and Light Heavyweight Champion.'),
(54, 'Nova Uniao', 14, 'Rio de Janeiro', 'images/clubs/nova_uniao.png', 'Founded in 1995 by André Pederneiras in Rio de Janeiro, Brazil, Nova União is one of the most successful Brazilian Jiu-Jitsu and MMA teams. Honors: Produced multiple UFC and Pride FC champions. Top 5 Fighters: José Aldo, BJ Penn, Renan Barão, Junior dos Santos, Dedé Pederneiras. Last 5 Major Achievements: José Aldo continued UFC success, Renan Barão former UFC Bantamweight Champion, multiple BJJ World Championship medals from the academy\'s competition team.'),
(55, 'All England Lawn Tennis Club', 6, 'London', 'images/clubs/all_england.png', 'Founded in 1868, the All England Lawn Tennis and Croquet Club is the host of The Championships, Wimbledon - the oldest and most prestigious tennis tournament in the world since 1877. Honors: Permanent host of Wimbledon, one of the 4 Grand Slam tournaments. Top 5 Associated Champions: Roger Federer (8 Wimbledon titles), Pete Sampras (7), Novak Djokovic (7), Björn Borg (5), Serena Williams (7). Last 5 Wimbledon Men\'s Singles Champions: Carlos Alcaraz (2024), Carlos Alcaraz (2023), Novak Djokovic (2022), Novak Djokovic (2021), Novak Djokovic (2019).'),
(56, 'Roland Garros', 6, 'Paris', 'images/clubs/roland_garros.png', 'Opened in 1928, the Stade Roland Garros is the home of the French Open, one of tennis\'s four Grand Slam tournaments, known for its red clay courts. Honors: Permanent host of the French Open since 1928. Top 5 Associated Champions: Rafael Nadal (14 French Open titles, record), Björn Borg (6), Chris Evert (7), Steffi Graf (6), Novak Djokovic (3). Last 5 French Open Men\'s Singles Champions: Carlos Alcaraz (2024), Novak Djokovic (2023), Rafael Nadal (2022), Novak Djokovic (2021), Rafael Nadal (2020).'),
(57, 'USTA National Tennis Center', 6, 'New York', 'images/clubs/usta_center.png', 'Opened in 1978 in Flushing Meadows, New York, the USTA Billie Jean King National Tennis Center is the home of the US Open, the final Grand Slam of each year. Honors: Permanent host of the US Open, featuring the largest tennis stadium in the world (Arthur Ashe Stadium). Top 5 Associated Champions: Jimmy Connors (5 US Open titles), Pete Sampras (5), Roger Federer (5), Serena Williams (6), Chris Evert (6). Last 5 US Open Men\'s Singles Champions: Jannik Sinner (2024), Novak Djokovic (2023), Carlos Alcaraz (2022), Daniil Medvedev (2021), Dominic Thiem (2020).'),
(58, 'Australian Open Tennis Club', 6, 'Melbourne', 'images/clubs/australian_open.png', 'Melbourne Park, home of the Australian Open since 1988, is the premier tennis facility in Australia, hosting the first Grand Slam of each calendar year. Honors: Permanent host of the Australian Open Grand Slam. Top 5 Associated Champions: Novak Djokovic (10 Australian Open titles, record), Roger Federer (6), Roy Emerson (6), Serena Williams (7), Margaret Court (11). Last 5 Australian Open Men\'s Singles Champions: Jannik Sinner (2024), Novak Djokovic (2023), Rafael Nadal (2022), Novak Djokovic (2021), Novak Djokovic (2020).'),
(59, 'Rafael Nadal Academy', 6, 'Mallorca', 'images/clubs/nadal_academy.png', 'Opened in 2016 in Mallorca, Spain, the Rafa Nadal Academy by Movistar is a world-class tennis training facility founded by 22-time Grand Slam champion Rafael Nadal. Honors: Training hub for elite junior and professional tennis players worldwide. Top 5 Associated Players: Rafael Nadal, Casper Ruud, Jaume Munar, Alex Eala, Felix Auger-Aliassime (briefly). Last 5 Notable Achievements: Casper Ruud reaching multiple Grand Slam finals and ATP Finals runner-up (2022), development of numerous ITF junior champions.'),
(178, 'ALPINE', 16, 'Renault', 'images/clubs/ALPINE.jpg', 'Alpine F1 Team represents Renault\'s sportscar brand in Formula 1, debuting in 2021 as a rebranding of the Renault F1 Team. The team traces its lineage to the Renault works team that competed in F1 since 1977. Honors: As Renault, won 2 Constructors\' Championships (2005, 2006) and 2 Drivers\' Championships (Fernando Alonso 2005, 2006). Top 5 Drivers: Fernando Alonso, Alain Prost, Esteban Ocon, Pierre Gasly, Jean-Pierre Jabouille. Last 5 Achievements: Esteban Ocon Hungarian GP Win (2021), Pierre Gasly multiple top-10 finishes (2023-2024), Double podium at 2024 Brazilian GP.'),
(179, 'Mercedes-AMG', 16, 'Mercedes-Benz', 'images/clubs/Mercedes-AMG.jpg', 'Mercedes-AMG Petronas Formula One Team is the most dominant F1 team of the turbo-hybrid era. The team traces its roots to the 1954-55 Mercedes works team and returned in 2010 after purchasing Brawn GP. Honors: 8 Constructors\' Championships (2014-2021 consecutive, record). Top 5 Drivers: Lewis Hamilton, Michael Schumacher, Nico Rosberg, Juan Manuel Fangio, Valtteri Bottas. Last 5 Trophies: Constructors\' Championship (2021), Drivers\' Championship (Lewis Hamilton 2020), Constructors\' Championship (2020), Drivers\' Championship (Lewis Hamilton 2019), Constructors\' Championship (2019).'),
(180, 'ASTON MARTIN', 16, 'Aston Martin', 'images/clubs/ASTON MARTIN.jpg', 'Aston Martin Aramco Formula One Team debuted in 2021, evolving from Racing Point F1 Team. The Aston Martin brand previously competed in F1 in 1959-1960. Honors: Historic Le Mans 24 Hours win (1959) with the DBR1; in F1, multiple podiums. Top 5 Drivers: Fernando Alonso, Sebastian Vettel, Lance Stroll, Roy Salvadori (historic), Carroll Shelby (historic). Last 5 Achievements: Fernando Alonso multiple podiums in 2023 season (8 podiums total), P4 in Constructors\' Championship (2023), Sebastian Vettel podiums (2021-2022).'),
(181, 'FERRARI', 16, 'Ferrari', 'images/clubs/FERRARI.jpg', 'Scuderia Ferrari, founded by Enzo Ferrari in 1929, is the oldest and most successful team in Formula 1 history, competing in every F1 season since 1950. Honors: 16 Constructors\' Championships (record), 15 Drivers\' Championships. Top 5 Drivers: Michael Schumacher, Niki Lauda, Juan Manuel Fangio, Alberto Ascari, Kimi Räikkönen. Last 5 Trophies: Constructors\' Championship (2008), Drivers\' Championship (Kimi Räikkönen 2007), Constructors\' Championship (2007), Drivers\' Championship (Michael Schumacher 2004), Constructors\' Championship (2004).'),
(182, 'Haas', 16, 'Haas Automation', 'images/clubs/Haas.jpg', 'Haas F1 Team, founded by American businessman Gene Haas in 2014, debuted in the 2016 F1 season as the first American-led F1 team in 30 years. Honors: Best finish of P5 in Constructors\' Championship (2018). Top 5 Drivers: Kevin Magnussen, Romain Grosjean, Nico Hülkenberg, Mick Schumacher, Pietro Fittipaldi. Last 5 Achievements: Kevin Magnussen multiple top-10 finishes (2022-2024), Pole Position at 2022 Brazilian GP (Magnussen), P8 in Constructors\' Championship (2022).'),
(183, 'MCLAREN', 16, 'McLaren Group', 'images/clubs/MCLAREN.jpg', 'McLaren F1 Team, founded by Bruce McLaren in 1963, is one of the most successful and historic Formula 1 teams. Honors: 8 Constructors\' Championships, 12 Drivers\' Championships. Top 5 Drivers: Ayrton Senna, Alain Prost, Niki Lauda, Mika Häkkinen, Lewis Hamilton. Last 5 Trophies: Constructors\' Championship (1998), Drivers\' Championship (Lewis Hamilton 2008), Multiple Grand Prix wins including Lando Norris and Oscar Piastri (2024). McLaren won the 2024 Constructors\' World Championship.'),
(184, 'RedBull', 16, 'Red Bull GmbH', 'images/clubs/RedBull.jpg', 'Red Bull Racing, founded in 2005 after purchasing Jaguar Racing, has become the dominant force in Formula 1 alongside its sister team RB. Honors: 6 Constructors\' Championships (2010-2013, 2022, 2023), 7 Drivers\' Championships. Top 5 Drivers: Sebastian Vettel, Max Verstappen, Daniel Ricciardo, Mark Webber, Sergio Pérez. Last 5 Trophies: Constructors\' Championship (2023), Drivers\' Championship (Max Verstappen 2023), Constructors\' Championship (2022), Drivers\' Championship (Max Verstappen 2022), Drivers\' Championship (Max Verstappen 2021).');

-- --------------------------------------------------------

--
-- Table structure for table `contact_messages`
--

CREATE TABLE `contact_messages` (
  `id` int(10) UNSIGNED NOT NULL,
  `user_id` int(10) UNSIGNED DEFAULT NULL,
  `name` varchar(200) NOT NULL,
  `email` varchar(255) NOT NULL,
  `subject` varchar(300) NOT NULL,
  `message` text NOT NULL,
  `is_read` tinyint(1) DEFAULT 0,
  `created_at` timestamp NOT NULL DEFAULT current_timestamp()
) ENGINE=InnoDB DEFAULT CHARSET=utf8mb4 COLLATE=utf8mb4_general_ci;

-- --------------------------------------------------------

--
-- Table structure for table `contributions`
--

CREATE TABLE `contributions` (
  `id` int(10) UNSIGNED NOT NULL,
  `user_id` int(10) UNSIGNED NOT NULL,
  `title` varchar(300) NOT NULL,
  `description` text DEFAULT NULL,
  `file_path` varchar(255) NOT NULL,
  `status` enum('pending','approved','rejected') NOT NULL DEFAULT 'pending',
  `admin_note` text DEFAULT NULL,
  `reviewed_at` datetime DEFAULT NULL,
  `created_at` timestamp NOT NULL DEFAULT current_timestamp()
) ENGINE=InnoDB DEFAULT CHARSET=utf8mb4 COLLATE=utf8mb4_general_ci;

--
-- Dumping data for table `contributions`
--

INSERT INTO `contributions` (`id`, `user_id`, `title`, `description`, `file_path`, `status`, `admin_note`, `reviewed_at`, `created_at`) VALUES
(1, 2, 'messi', 'who is him', 'contributions/69eaa6e8940a92.03276112.pdf', 'approved', 'bravoo', '2026-04-23 16:14:59', '2026-04-23 23:10:32'),
(2, 2, 'messi', 'who is him', 'contributions/69eaa81a692811.18151845.pdf', 'pending', NULL, NULL, '2026-04-23 23:15:38'),
(3, 2, 'messi', 'who is him', 'contributions/69eaa822bf0a50.63321867.pdf', 'pending', NULL, NULL, '2026-04-23 23:15:46'),
(4, 2, 'messi', 'who is him', 'contributions/69eaa826c26b93.49580912.pdf', 'pending', NULL, NULL, '2026-04-23 23:15:50');

-- --------------------------------------------------------

--
-- Table structure for table `countries`
--

CREATE TABLE `countries` (
  `id` smallint(5) UNSIGNED NOT NULL,
  `name` varchar(255) DEFAULT NULL
) ENGINE=InnoDB DEFAULT CHARSET=utf8mb4 COLLATE=utf8mb4_unicode_ci;

--
-- Dumping data for table `countries`
--

INSERT INTO `countries` (`id`, `name`) VALUES
(764, 'Albania 🇦🇱'),
(438, 'Algeria 🇩🇿'),
(770, 'Andorra 🇦🇩'),
(8, 'Argentina 🇦🇷'),
(754, 'Armenia 🇦🇲'),
(80, 'Australia 🇦🇺'),
(40, 'Austria 🇦🇹'),
(773, 'Azerbaijan 🇦🇿'),
(790, 'Bahrain 🇧🇭'),
(779, 'Bangladesh 🇧🇩'),
(772, 'Belarus 🇧🇾'),
(19, 'Belgium 🇧🇪'),
(761, 'Bosnia and Herzegovina 🇧🇦'),
(13, 'Brazil 🇧🇷'),
(155, 'Bulgaria 🇧🇬'),
(39, 'Cameroon 🇨🇲'),
(52, 'Canada 🇨🇦'),
(758, 'Chile 🇨🇱'),
(151, 'China 🇨🇳'),
(118, 'Colombia 🇨🇴'),
(15, 'Croatia 🇭🇷'),
(278, 'Cuba 🇨🇺'),
(753, 'Cyprus 🇨🇾'),
(132, 'Czech Republic 🇨🇿'),
(81, 'Denmark 🇩🇰'),
(57, 'Dominican Republic 🇩🇴'),
(124, 'Ecuador 🇪🇨'),
(1, 'Egypt 🇪🇬'),
(16, 'England 🏴󠁧󠁢󠁥󠁮󠁧󠁿'),
(125, 'Eritrea 🇪🇷'),
(751, 'Estonia 🇪🇪'),
(296, 'Ethiopia 🇪🇹'),
(174, 'Finland 🇫🇮'),
(6, 'France 🇫🇷'),
(150, 'Georgia 🇬🇪'),
(22, 'Germany 🇩🇪'),
(433, 'Ghana 🇬🇭'),
(252, 'Great Britain 🇬🇧'),
(29, 'Greece 🇬🇷'),
(145, 'Grenada 🇬🇩'),
(787, 'Hong Kong 🇭🇰'),
(204, 'Hungary 🇭🇺'),
(322, 'Iceland 🇮🇸'),
(163, 'India 🇮🇳'),
(784, 'Indonesia 🇮🇩'),
(53, 'Iran 🇮🇷'),
(795, 'Iraq 🇮🇶'),
(113, 'Ireland 🇮🇪'),
(47, 'Italy 🇮🇹'),
(430, 'Ivory Coast 🇨🇮'),
(45, 'Jamaica 🇯🇲'),
(56, 'Japan 🇯🇵'),
(794, 'Jordan 🇯🇴'),
(153, 'Kazakhstan 🇰🇿'),
(141, 'Kenya 🇰🇪'),
(763, 'Kosovo 🇽🇰'),
(54, 'Kuwait 🇰🇼'),
(776, 'Kyrgyzstan 🇰🇬'),
(750, 'Latvia 🇱🇻'),
(793, 'Lebanon 🇱🇧'),
(435, 'Liberia 🇱🇷'),
(798, 'Libya 🇱🇾'),
(769, 'Liechtenstein 🇱🇮'),
(749, 'Lithuania 🇱🇹'),
(766, 'Luxembourg 🇱🇺'),
(783, 'Malaysia 🇲🇾'),
(767, 'Malta 🇲🇹'),
(210, 'Mexico 🇲🇽'),
(771, 'Moldova 🇲🇩'),
(181, 'Monaco 🇲🇨'),
(777, 'Mongolia 🇲🇳'),
(762, 'Montenegro 🇲🇪'),
(295, 'Morocco 🇲🇦'),
(778, 'Nepal 🇳🇵'),
(23, 'Netherlands 🇳🇱'),
(514, 'New Zealand 🇳🇿'),
(268, 'Nicaragua 🇳🇮'),
(434, 'Nigeria 🇳🇬'),
(788, 'North Korea 🇰🇵'),
(765, 'North Macedonia 🇲🇰'),
(101, 'Northern Ireland 🇬🇧'),
(9, 'Norway 🇳🇴'),
(791, 'Oman 🇴🇲'),
(531, 'Pakistan 🇵🇰'),
(797, 'Palestine 🇵🇸'),
(760, 'Paraguay 🇵🇾'),
(512, 'Peru 🇵🇪'),
(270, 'Philippines 🇵🇭'),
(86, 'Poland 🇵🇱'),
(7, 'Portugal 🇵🇹'),
(756, 'Puerto Rico 🇵🇷'),
(158, 'Qatar 🇶🇦'),
(77, 'Russia 🇷🇺'),
(768, 'San Marino 🇸🇲'),
(748, 'Saudi Arabia 🇸🇦'),
(360, 'Scotland 🏴󠁧󠁢󠁳󠁣󠁴󠁿'),
(410, 'Senegal 🇸🇳'),
(73, 'Serbia 🇷🇸'),
(785, 'Singapore 🇸🇬'),
(752, 'Slovakia 🇸🇰'),
(36, 'Slovenia 🇸🇮'),
(49, 'South Africa 🇿🇦'),
(21, 'South Korea 🇰🇷'),
(801, 'South Sudan 🇸🇸'),
(11, 'Spain 🇪🇸'),
(780, 'Sri Lanka 🇱🇰'),
(800, 'Sudan 🇸🇩'),
(18, 'Sweden 🇸🇪'),
(71, 'Switzerland 🇨🇭'),
(796, 'Syria 🇸🇾'),
(786, 'Taiwan 🇹🇼'),
(775, 'Tajikistan 🇹🇯'),
(781, 'Thailand 🇹🇭'),
(799, 'Tunisia 🇹🇳'),
(774, 'Turkmenistan 🇹🇲'),
(147, 'Uganda 🇺🇬'),
(51, 'UK 🇬🇧'),
(213, 'Ukraine 🇺🇦'),
(789, 'United Arab Emirates 🇦🇪'),
(759, 'Uruguay 🇺🇾'),
(25, 'USA 🇺🇸'),
(154, 'Uzbekistan 🇺🇿'),
(755, 'Venezuela 🇻🇪'),
(782, 'Vietnam 🇻🇳'),
(517, 'Wales 🏴󠁧󠁢󠁷󠁬󠁳󠁿');

-- --------------------------------------------------------

--
-- Table structure for table `dashboard_overview`
--

CREATE TABLE `dashboard_overview` (
  `id` int(10) UNSIGNED NOT NULL,
  `year` smallint(6) NOT NULL,
  `records_count` smallint(6) NOT NULL
) ENGINE=InnoDB DEFAULT CHARSET=utf8mb4 COLLATE=utf8mb4_general_ci;

--
-- Dumping data for table `dashboard_overview`
--

INSERT INTO `dashboard_overview` (`id`, `year`, `records_count`) VALUES
(1, 2020, 45),
(2, 2021, 52),
(3, 2022, 61),
(4, 2023, 58),
(5, 2024, 67);

-- --------------------------------------------------------

--
-- Table structure for table `dashboard_ranking`
--

CREATE TABLE `dashboard_ranking` (
  `id` int(10) UNSIGNED NOT NULL,
  `rank` tinyint(3) UNSIGNED NOT NULL,
  `athlete_name` varchar(200) NOT NULL,
  `sport_id` int(10) UNSIGNED DEFAULT NULL,
  `metric` varchar(100) DEFAULT NULL,
  `metric_year` smallint(6) DEFAULT NULL,
  `country_id` smallint(5) UNSIGNED DEFAULT NULL
) ENGINE=InnoDB DEFAULT CHARSET=utf8mb4 COLLATE=utf8mb4_general_ci;

--
-- Dumping data for table `dashboard_ranking`
--

INSERT INTO `dashboard_ranking` (`id`, `rank`, `athlete_name`, `sport_id`, `metric`, `metric_year`, `country_id`) VALUES
(16, 1, 'Erling Haaland', 2, '22 Goals', 2026, 9),
(17, 2, 'Harry Kane', 2, '28 Goals', 2026, 16),
(18, 3, 'Lamine Yamal', 2, '11 Assists', 2026, 11),
(19, 4, 'Lautaro Martínez', 2, '16 Goals', 2026, 8),
(20, 5, 'Bruno Fernandes', 2, '17 Assists', 2026, 7),
(21, 6, 'Mohamed Salah', 2, 'Ballon d\'Or Nominee', 2025, 1),
(22, 1, 'Luka Doncic', 3, '33.5 PPG', 2026, 52),
(23, 2, 'Shai Gilgeous-Alexander', 3, '31.3 PPG', 2026, 52),
(24, 3, 'Nikola Jokic', 3, '28.0 PPG / 12.9 RPG', 2026, 73),
(25, 4, 'Giannis Antetokounmpo', 3, '27.6 PPG', 2026, 29),
(26, 5, 'Victor Wembanyama', 3, '24.8 PPG / 3.1 BPG', 2026, 6),
(27, 1, 'Carlos Alcaraz', 6, '3 Grand Slams (2025-26)', 2026, 11),
(28, 2, 'Jannik Sinner', 6, '2 Grand Slams (2025)', 2025, 47),
(29, 3, 'Elena Rybakina', 6, 'Australian Open 2026', 2026, 153),
(30, 4, 'Aryna Sabalenka', 6, 'US Open 2025', 2025, 514),
(31, 5, 'Coco Gauff', 6, 'French Open 2025', 2025, 25),
(32, 1, 'Lukas Märtens', 8, '400m Free WR: 3:39.96', 2025, 22),
(33, 2, 'Michael Phelps', 8, '23 Olympic Golds', 2024, 25),
(34, 3, 'Katie Ledecky', 8, '7 Olympic Golds', 2024, 25),
(35, 1, 'Armand Duplantis', 9, 'Pole Vault: 6.30m WR', 2025, 18),
(36, 2, 'Kelvin Kiptum', 9, 'Marathon: 2:00:35 WR', 2024, 141),
(37, 3, 'Mykolas Alekna', 9, 'Discus: 75.56m WR', 2025, 514),
(38, 4, 'Tobi Amusan', 9, '100m Hurdles: Top 3 World', 2025, 434),
(39, 5, 'Jakob Ingebrigtsen', 9, '3000m WR: 7:17.55', 2024, 9);

-- --------------------------------------------------------

--
-- Table structure for table `dashboard_sport_stats`
--

CREATE TABLE `dashboard_sport_stats` (
  `id` int(10) UNSIGNED NOT NULL,
  `sport_id` int(10) UNSIGNED NOT NULL,
  `popularity_score` tinyint(3) UNSIGNED DEFAULT NULL,
  `country` varchar(100) DEFAULT NULL,
  `stat_year` smallint(6) DEFAULT NULL,
  `total_players` bigint(20) DEFAULT NULL,
  `professional_leagues` smallint(6) DEFAULT NULL,
  `world_cup_years` tinyint(4) DEFAULT NULL
) ENGINE=InnoDB DEFAULT CHARSET=utf8mb4 COLLATE=utf8mb4_general_ci;

--
-- Dumping data for table `dashboard_sport_stats`
--

INSERT INTO `dashboard_sport_stats` (`id`, `sport_id`, `popularity_score`, `country`, `stat_year`, `total_players`, `professional_leagues`, `world_cup_years`) VALUES
(1, 2, 95, NULL, NULL, 265000000, 210, NULL),
(2, 3, 85, NULL, NULL, 450000000, 120, NULL),
(3, 6, 78, NULL, NULL, 87000000, NULL, NULL),
(4, 8, 72, NULL, NULL, 150000000, NULL, NULL),
(13, 10, 68, 'USA', 2023, 130000000, NULL, NULL),
(16, 7, 73, 'USA', 2023, 66000000, NULL, NULL),
(17, 13, 69, 'France', 2023, 1500000000, NULL, NULL),
(18, 1, 67, 'Brazil', 2023, 800000000, NULL, NULL);

-- --------------------------------------------------------

--
-- Table structure for table `dashboard_top_players`
--

CREATE TABLE `dashboard_top_players` (
  `id` int(10) UNSIGNED NOT NULL,
  `sport_id` int(10) UNSIGNED NOT NULL,
  `rank` tinyint(3) UNSIGNED NOT NULL,
  `player_name` varchar(200) NOT NULL,
  `country_id` smallint(5) UNSIGNED DEFAULT NULL,
  `age` tinyint(4) DEFAULT NULL,
  `stat_year` smallint(6) DEFAULT NULL,
  `goals` smallint(6) DEFAULT NULL,
  `assists` smallint(6) DEFAULT NULL,
  `matches` smallint(6) DEFAULT NULL
) ENGINE=InnoDB DEFAULT CHARSET=utf8mb4 COLLATE=utf8mb4_general_ci;

--
-- Dumping data for table `dashboard_top_players`
--

INSERT INTO `dashboard_top_players` (`id`, `sport_id`, `rank`, `player_name`, `country_id`, `age`, `stat_year`, `goals`, `assists`, `matches`) VALUES
(1, 2, 1, 'Cristiano Ronaldo', 7, 38, 2023, 128, 42, 56),
(2, 2, 2, 'Lionel Messi', 8, 36, 2023, 106, 38, 52),
(3, 2, 3, 'Mohamed Salah', 1, 31, 2023, 58, 21, 48),
(4, 2, 4, 'Kylian Mbappe', 6, 24, 2023, 46, 18, 43),
(5, 2, 5, 'Erling Haaland', 9, 23, 2023, 52, 8, 53),
(6, 2, 6, 'Kevin De Bruyne', 19, 32, 2023, 12, 31, 49),
(7, 2, 7, 'Harry Kane', 16, 30, 2023, 41, 12, 49),
(8, 2, 8, 'Karim Benzema', 6, 35, 2023, 37, 9, 43),
(9, 2, 9, 'Robert Lewandowski', 86, 34, 2023, 39, 7, 46),
(10, 2, 10, 'Neymar Jr.', 13, 31, 2023, 21, 17, 29),
(11, 2, 11, 'Sadio Mane', 410, 31, 2023, 24, 8, 41),
(12, 2, 12, 'Son Heung-min', 21, 31, 2023, 18, 12, 47),
(13, 2, 13, 'Virgil van Dijk', 23, 32, 2023, 5, 3, 51),
(14, 2, 14, 'Alisson Becker', 13, 31, 2023, NULL, NULL, 52),
(15, 2, 15, 'Thibaut Courtois', 19, 31, 2023, NULL, NULL, 48),
(16, 2, 16, 'Trent Alexander-Arnold', 16, 25, 2023, 4, 19, 47),
(17, 2, 17, 'Joshua Kimmich', 22, 28, 2023, 7, 15, 44),
(18, 2, 18, 'Luka Modric', 15, 37, 2023, 6, 13, 52),
(19, 2, 19, 'Bruno Fernandes', 7, 28, 2023, 14, 17, 59),
(20, 2, 20, 'Bernardo Silva', 7, 28, 2023, 11, 14, 55),
(21, 2, 21, 'Phil Foden', 16, 23, 2023, 15, 9, 48),
(22, 2, 22, 'Jude Bellingham', 16, 20, 2023, 14, 7, 42),
(23, 2, 23, 'Vincent Kompany', 19, 37, 2023, 3, 2, 35),
(24, 2, 24, 'Marcelo', 13, 35, 2023, 6, 12, 38),
(25, 2, 25, 'Sergio Ramos', 11, 37, 2023, 5, 3, 45),
(26, 2, 26, 'Gianluigi Buffon', 47, 45, 2023, NULL, NULL, 34),
(27, 2, 27, 'Andres Iniesta', 11, 39, 2023, 3, 11, 41),
(28, 2, 28, 'Xavi Hernandez', 11, 43, 2023, 8, 22, 50),
(29, 2, 29, 'Andrea Pirlo', 47, 44, 2023, 7, 18, 46),
(30, 2, 30, 'Zlatan Ibrahimovic', 18, 41, 2023, 11, 4, 27),
(31, 2, 31, 'Didier Drogba', 430, 45, 2023, 18, 7, 39),
(32, 2, 32, 'Samuel Eto\'o', 39, 42, 2023, 22, 9, 43),
(33, 2, 33, 'Yaya Toure', 430, 40, 2023, 9, 14, 47),
(34, 2, 34, 'Michael Essien', 433, 41, 2023, 5, 11, 44),
(35, 2, 35, 'Jay-Jay Okocha', 434, 50, 2023, 14, 23, 52),
(36, 2, 36, 'George Weah', 435, 57, 2023, 19, 8, 48),
(37, 2, 37, 'Roger Milla', 39, 71, 2023, 21, 6, 46),
(38, 2, 38, 'Abedi Pele', 433, 59, 2023, 17, 15, 51),
(39, 2, 39, 'Rabah Madjer', 438, 65, 2023, 15, 12, 49),
(40, 2, 40, 'Hossam Hassan', 1, 57, 2023, 23, 9, 53),
(41, 2, 41, 'Mohamed Aboutrika', 1, 45, 2023, 12, 18, 47),
(42, 2, 42, 'Ahmed Hassan', 1, 48, 2023, 8, 14, 52),
(43, 2, 43, 'Wael Gomaa', 1, 48, 2023, 3, 2, 51),
(44, 2, 44, 'Essam El-Hadary', 1, 51, 2023, NULL, NULL, 56),
(45, 2, 45, 'Mohamed El Shenawy', 1, 35, 2023, NULL, NULL, 49),
(46, 2, 46, 'Trevor Noah', 49, 39, 2023, 7, 9, 41),
(47, 2, 47, 'Benni McCarthy', 49, 46, 2023, 16, 6, 44),
(48, 2, 48, 'Lucas Radebe', 49, 54, 2023, 2, 4, 48),
(49, 2, 49, 'Aaron Mokoena', 49, 42, 2023, 1, 3, 46),
(50, 2, 50, 'Steven Pienaar', 49, 41, 2023, 9, 13, 52),
(51, 3, 1, 'LeBron James', 25, 38, 2023, NULL, 6, NULL),
(52, 3, 2, 'Stephen Curry', 25, 35, 2023, NULL, 6, NULL),
(53, 3, 3, 'Kevin Durant', 25, 34, 2023, NULL, 5, NULL),
(54, 3, 4, 'Giannis Antetokounmpo', 29, 28, 2023, NULL, 6, NULL),
(55, 3, 5, 'Nikola Jokic', 73, 28, 2023, NULL, 10, NULL),
(56, 3, 6, 'Luka Doncic', 36, 24, 2023, NULL, 8, NULL),
(57, 3, 7, 'Jayson Tatum', 25, 25, 2023, NULL, 5, NULL),
(58, 3, 8, 'Joel Embiid', 39, 29, 2023, NULL, 4, NULL),
(59, 3, 9, 'Damian Lillard', 25, 33, 2023, NULL, 7, NULL),
(60, 3, 10, 'Devin Booker', 25, 26, 2023, NULL, 6, NULL),
(61, 3, 11, 'Anthony Davis', 25, 30, 2023, NULL, 3, NULL),
(62, 3, 12, 'Jimmy Butler', 25, 33, 2023, NULL, 5, NULL),
(63, 3, 13, 'Ja Morant', 25, 24, 2023, NULL, 8, NULL),
(64, 3, 14, 'Trae Young', 25, 24, 2023, NULL, 10, NULL),
(65, 3, 15, 'Zion Williamson', 25, 23, 2023, NULL, 5, NULL),
(66, 3, 16, 'Donovan Mitchell', 25, 26, 2023, NULL, 4, NULL),
(67, 3, 17, 'Shai Gilgeous-Alexander', 52, 25, 2023, NULL, 6, NULL),
(68, 3, 18, 'Jaylen Brown', 25, 26, 2023, NULL, 4, NULL),
(69, 3, 19, 'Paul George', 25, 33, 2023, NULL, 5, NULL),
(70, 3, 20, 'Kawhi Leonard', 25, 32, 2023, NULL, 4, NULL),
(71, 6, 1, 'Novak Djokovic', 73, 36, 2023, NULL, NULL, NULL),
(72, 6, 2, 'Carlos Alcaraz', 11, 20, 2023, NULL, NULL, NULL),
(73, 6, 3, 'Daniil Medvedev', 77, 27, 2023, NULL, NULL, NULL),
(74, 6, 4, 'Jannik Sinner', 47, 22, 2023, NULL, NULL, NULL),
(75, 6, 5, 'Holger Rune', 81, 20, 2023, NULL, NULL, NULL),
(76, 6, 6, 'Stefanos Tsitsipas', 29, 24, 2023, NULL, NULL, NULL),
(77, 6, 7, 'Andrey Rublev', 77, 25, 2023, NULL, NULL, NULL),
(78, 6, 8, 'Taylor Fritz', 25, 25, 2023, NULL, NULL, NULL),
(79, 6, 9, 'Casper Ruud', 9, 24, 2023, NULL, NULL, NULL),
(80, 6, 10, 'Alexander Zverev', 22, 26, 2023, NULL, NULL, NULL),
(81, 6, 11, 'Frances Tiafoe', 25, 25, 2023, NULL, NULL, NULL),
(82, 6, 12, 'Karen Khachanov', 77, 27, 2023, NULL, NULL, NULL),
(83, 6, 13, 'Felix Auger-Aliassime', 52, 23, 2023, NULL, NULL, NULL),
(84, 6, 14, 'Cameron Norrie', 51, 28, 2023, NULL, NULL, NULL),
(85, 6, 15, 'Borna Coric', 15, 26, 2023, NULL, NULL, NULL),
(86, 6, 16, 'Lorenzo Musetti', 47, 21, 2023, NULL, NULL, NULL),
(87, 6, 17, 'Alex de Minaur', 80, 24, 2023, NULL, NULL, NULL),
(88, 6, 18, 'Sebastian Korda', 25, 23, 2023, NULL, NULL, NULL),
(89, 6, 19, 'Tommy Paul', 25, 26, 2023, NULL, NULL, NULL),
(90, 6, 20, 'Ben Shelton', 25, 20, 2023, NULL, NULL, NULL),
(91, 8, 1, 'Michael Phelps', 25, 38, 2021, NULL, NULL, NULL),
(92, 8, 2, 'Katie Ledecky', 25, 26, 2023, NULL, NULL, NULL),
(93, 8, 3, 'Caeleb Dressel', 25, 26, 2023, NULL, NULL, NULL),
(94, 8, 4, 'Adam Peaty', 51, 28, 2023, NULL, NULL, NULL),
(95, 8, 5, 'Ariarne Titmus', 80, 22, 2023, NULL, NULL, NULL),
(96, 8, 6, 'Kyle Chalmers', 80, 25, 2023, NULL, NULL, NULL),
(97, 8, 7, 'Sarah Sjostrom', 18, 29, 2023, NULL, NULL, NULL),
(98, 8, 8, 'Gregorio Paltrinieri', 47, 28, 2023, NULL, NULL, NULL),
(99, 8, 9, 'Kristof Milak', 204, 23, 2023, NULL, NULL, NULL),
(100, 8, 10, 'Emma McKeon', 80, 29, 2023, NULL, NULL, NULL),
(121, 10, 1, 'Canelo Alvarez', 210, 33, 2023, NULL, NULL, NULL),
(122, 10, 2, 'Tyson Fury', 51, 35, 2023, NULL, NULL, NULL),
(123, 10, 3, 'Oleksandr Usyk', 213, 36, 2023, NULL, NULL, NULL),
(124, 10, 4, 'Terence Crawford', 25, 35, 2023, NULL, NULL, NULL),
(125, 10, 5, 'Naoya Inoue', 56, 30, 2023, NULL, NULL, NULL),
(126, 10, 6, 'Dmitry Bivol', 77, 32, 2023, NULL, NULL, NULL),
(127, 10, 7, 'Jermell Charlo', 25, 33, 2023, NULL, NULL, NULL),
(128, 10, 8, 'Artur Beterbiev', 77, 38, 2023, NULL, NULL, NULL),
(129, 10, 9, 'Gervonta Davis', 25, 28, 2023, NULL, NULL, NULL),
(130, 10, 10, 'Devin Haney', 25, 24, 2023, NULL, NULL, NULL),
(151, 7, 1, 'Scottie Scheffler', 25, 27, 2023, NULL, NULL, NULL),
(152, 7, 2, 'Rory McIlroy', 101, 34, 2023, NULL, NULL, NULL),
(153, 7, 3, 'Jon Rahm', 11, 28, 2023, NULL, NULL, NULL),
(154, 7, 4, 'Patrick Cantlay', 25, 31, 2023, NULL, NULL, NULL),
(155, 7, 5, 'Xander Schauffele', 25, 30, 2023, NULL, NULL, NULL),
(156, 7, 6, 'Viktor Hovland', 9, 25, 2023, NULL, NULL, NULL),
(157, 7, 7, 'Max Homa', 25, 32, 2023, NULL, NULL, NULL),
(158, 7, 8, 'Matt Fitzpatrick', 16, 29, 2023, NULL, NULL, NULL),
(159, 7, 9, 'Will Zalatoris', 25, 27, 2023, NULL, NULL, NULL),
(160, 7, 10, 'Justin Thomas', 25, 30, 2023, NULL, NULL, NULL),
(161, 13, 1, 'Tadej Pogacar', 36, 24, 2023, NULL, NULL, NULL),
(162, 13, 2, 'Jonas Vingegaard', 81, 26, 2023, NULL, NULL, NULL),
(163, 13, 3, 'Remco Evenepoel', 19, 23, 2023, NULL, NULL, NULL),
(164, 13, 4, 'Primoz Roglic', 36, 33, 2023, NULL, NULL, NULL),
(165, 13, 5, 'Mathieu van der Poel', 23, 28, 2023, NULL, NULL, NULL),
(166, 13, 6, 'Wout van Aert', 19, 28, 2023, NULL, NULL, NULL),
(167, 13, 7, 'Tom Pidcock', 51, 24, 2023, NULL, NULL, NULL),
(168, 13, 8, 'Egan Bernal', 118, 26, 2023, NULL, NULL, NULL),
(169, 13, 9, 'Richard Carapaz', 124, 30, 2023, NULL, NULL, NULL),
(170, 13, 10, 'Geraint Thomas', 51, 37, 2023, NULL, NULL, NULL),
(171, 1, 1, 'Bruno Rezende', 13, 37, 2023, NULL, NULL, 350),
(172, 1, 2, 'Wilfredo Leon', 86, 29, 2023, NULL, NULL, 280),
(173, 1, 3, 'Ivan Zaytsev', 47, 34, 2023, NULL, NULL, 310),
(174, 1, 4, 'Earvin N\'Gapeth', 6, 32, 2023, NULL, NULL, 290),
(175, 1, 5, 'Maxim Mikhaylov', 77, 35, 2023, NULL, NULL, 320),
(176, 1, 6, 'Saeid Marouf', 53, 37, 2023, NULL, NULL, 340),
(177, 1, 7, 'Bartosz Kurek', 86, 35, 2023, NULL, NULL, 300),
(178, 1, 8, 'Yuki Ishikawa', 56, 28, 2023, NULL, NULL, 200),
(179, 1, 9, 'Paolo Nicolai', 47, 35, 2023, NULL, NULL, 310),
(180, 1, 10, 'Anders Mol', 9, 26, 2023, NULL, NULL, 180);

-- --------------------------------------------------------

--
-- Table structure for table `feedback`
--

CREATE TABLE `feedback` (
  `id` int(10) UNSIGNED NOT NULL,
  `user_id` int(10) UNSIGNED DEFAULT NULL,
  `name` varchar(200) NOT NULL,
  `email` varchar(255) NOT NULL,
  `message` text NOT NULL,
  `rating` tinyint(3) UNSIGNED DEFAULT 0,
  `created_at` timestamp NOT NULL DEFAULT current_timestamp()
) ENGINE=InnoDB DEFAULT CHARSET=utf8mb4 COLLATE=utf8mb4_general_ci;

--
-- Dumping data for table `feedback`
--

INSERT INTO `feedback` (`id`, `user_id`, `name`, `email`, `message`, `rating`, `created_at`) VALUES
(1, 1, 'Admin', 'admin@sports.com', 'rkjw6k56wk56', 5, '2026-04-19 15:14:47'),
(2, 1, 'Admin', 'admin@sports.com', 'htr54j54j54jr54w6w5jj64w6jwsrtj', 5, '2026-04-23 23:17:46');

-- --------------------------------------------------------

--
-- Table structure for table `records`
--

CREATE TABLE `records` (
  `id` int(10) UNSIGNED NOT NULL,
  `sport_id` int(10) UNSIGNED NOT NULL,
  `specialty` varchar(200) DEFAULT NULL,
  `athlete_name` varchar(200) NOT NULL,
  `record_text` varchar(300) NOT NULL,
  `record_date` date DEFAULT NULL,
  `country_id` smallint(5) UNSIGNED DEFAULT NULL,
  `age` tinyint(3) UNSIGNED DEFAULT NULL,
  `team` varchar(200) DEFAULT NULL,
  `height` varchar(20) DEFAULT NULL,
  `weight` varchar(20) DEFAULT NULL,
  `career_wins` smallint(6) DEFAULT NULL,
  `world_ranking` smallint(6) DEFAULT NULL,
  `olympic_golds` tinyint(4) DEFAULT NULL,
  `world_championships` tinyint(4) DEFAULT NULL,
  `olympic_medals` tinyint(4) DEFAULT NULL,
  `world_cup_wins` smallint(6) DEFAULT NULL,
  `is_retired` tinyint(1) DEFAULT 0,
  `extra_json` longtext CHARACTER SET utf8mb4 COLLATE utf8mb4_bin DEFAULT NULL CHECK (json_valid(`extra_json`))
) ENGINE=InnoDB DEFAULT CHARSET=utf8mb4 COLLATE=utf8mb4_general_ci;

--
-- Dumping data for table `records`
--

INSERT INTO `records` (`id`, `sport_id`, `specialty`, `athlete_name`, `record_text`, `record_date`, `country_id`, `age`, `team`, `height`, `weight`, `career_wins`, `world_ranking`, `olympic_golds`, `world_championships`, `olympic_medals`, `world_cup_wins`, `is_retired`, `extra_json`) VALUES
(1, 13, 'Road Racing', 'Tadej Pogačar', 'Tour de France Winner', '2023-07-23', 36, 25, 'UAE Team Emirates', '176 cm', '66 kg', 55, 1, NULL, NULL, NULL, NULL, 0, '{\"achievements\": [\"Tour de France 2020, 2021\", \"Il Lombardia 2021, 2022\", \"Tour of Flanders 2023\"]}'),
(2, 13, 'Track Sprint', 'Jason Kenny', '8 Olympic Golds', '2021-08-08', 252, 35, NULL, '180 cm', '80 kg', NULL, NULL, 8, 7, NULL, NULL, 1, '{\"specialties\": [\"Team Sprint\", \"Keirin\", \"Sprint\"]}'),
(3, 13, 'Time Trial', 'Rohan Dennis', 'Hour Record 52.491 km', '2018-02-08', 80, 33, 'Jumbo-Visma', '182 cm', '72 kg', NULL, NULL, NULL, 2, 1, NULL, 0, NULL),
(4, 13, 'Mountain Bike', 'Nino Schurter', '10 World Championships', '2023-09-10', 71, 37, 'Scott-SRAM MTB Racing', '173 cm', '67 kg', NULL, NULL, 1, 10, NULL, 33, 0, NULL),
(5, 13, 'BMX Racing', 'Niek Kimmann', 'Olympic Gold 2020', '2021-07-30', 23, 27, NULL, '185 cm', '88 kg', NULL, NULL, 1, 2, NULL, 15, 0, NULL),
(6, 13, 'Cyclocross', 'Mathieu van der Poel', 'World Champion 2023', '2023-02-05', 23, 29, 'Alpecin-Deceuninck', '184 cm', '75 kg', NULL, NULL, NULL, 5, NULL, NULL, 0, '{\"classic_wins\": [\"Tour of Flanders\", \"Milan-San Remo\", \"Amstel Gold Race\"]}'),
(7, 13, 'Endurance Track', 'Filippo Ganna', 'Hour Record 56.792 km', '2022-10-08', 47, 27, 'Ineos Grenadiers', '193 cm', '82 kg', NULL, NULL, 1, 4, NULL, NULL, 0, NULL),
(8, 13, 'Downhill MTB', 'Loïc Bruni', '5 World Championships', '2022-08-28', 6, 29, 'Specialized Gravity', '180 cm', '80 kg', NULL, NULL, NULL, 5, NULL, 19, 0, NULL),
(9, 13, 'Women\'s Road', 'Annemiek van Vleuten', 'Triple Grand Tour Winner', '2022-09-11', 23, 41, 'Movistar Team', '168 cm', '57 kg', NULL, NULL, NULL, 2, 2, NULL, 0, NULL),
(10, 13, 'Women\'s Track', 'Laura Kenny', '5 Olympic Golds', '2021-08-08', 252, 31, NULL, '165 cm', '62 kg', NULL, NULL, 5, 7, NULL, NULL, 0, '{\"specialties\": [\"Omnium\", \"Madison\", \"Team Pursuit\"]}'),
(11, 10, 'Heavyweight', 'Muhammad Ali', '56 Wins (37 KOs)', '1981-12-11', 25, NULL, NULL, '191 cm', NULL, NULL, NULL, NULL, NULL, NULL, NULL, 0, NULL),
(12, 10, 'Middleweight', 'Gennady Golovkin', '42 Wins (37 KOs)', '2022-09-17', 153, 41, NULL, '179 cm', NULL, NULL, NULL, NULL, NULL, NULL, NULL, 0, NULL),
(13, 10, 'Welterweight', 'Terence Crawford', '40-0 (31 KOs)', '2023-07-29', 25, 36, NULL, '173 cm', NULL, NULL, NULL, NULL, NULL, NULL, NULL, 0, NULL),
(14, 10, 'Lightweight', 'Vasiliy Lomachenko', '17-3 (11 KOs)', '2023-05-20', 213, 35, NULL, '170 cm', NULL, NULL, NULL, 2, NULL, NULL, NULL, 0, NULL),
(15, 10, 'Cruiserweight', 'Oleksandr Usyk', '21-0 (14 KOs)', '2023-08-26', 213, 36, NULL, '191 cm', NULL, NULL, NULL, NULL, NULL, NULL, NULL, 0, NULL),
(16, 10, 'Featherweight', 'Naoya Inoue', '26-0 (23 KOs)', '2023-12-26', 56, 30, NULL, '165 cm', NULL, NULL, NULL, NULL, NULL, NULL, NULL, 0, NULL),
(17, 10, 'Super Middleweight', 'Saul Alvarez', '60-2-2 (39 KOs)', '2023-09-30', 210, 33, NULL, '173 cm', NULL, NULL, NULL, NULL, NULL, NULL, NULL, 0, NULL),
(18, 10, 'Flyweight', 'Roman Gonzalez', '51-4 (41 KOs)', '2023-12-23', 268, 36, NULL, '160 cm', NULL, NULL, NULL, NULL, NULL, NULL, NULL, 0, NULL),
(19, 10, 'Light Heavyweight', 'Dmitry Bivol', '22-0 (11 KOs)', '2023-11-25', 77, 33, NULL, '183 cm', NULL, NULL, NULL, NULL, NULL, NULL, NULL, 0, NULL),
(20, 10, 'Bantamweight', 'Nonito Donaire', '42-8 (28 KOs)', '2023-07-15', 270, 41, NULL, '165 cm', NULL, NULL, NULL, NULL, NULL, NULL, NULL, 0, NULL),
(21, 11, 'Freestyle Wrestling', 'Buvaisar Saitiev', '3x Olympic Gold', '2008-08-21', 77, 48, NULL, '178 cm', NULL, NULL, NULL, 3, 6, NULL, NULL, 0, NULL),
(22, 11, 'Greco-Roman', 'Aleksandr Karelin', '887-2', '2000-09-26', 77, 56, NULL, '191 cm', '130 kg', NULL, NULL, 3, 9, NULL, NULL, 0, NULL),
(23, 11, 'Freestyle 97kg', 'Abdulrashid Sadulaev', '2x Olympic Gold', '2021-08-07', 77, 27, NULL, '178 cm', NULL, NULL, NULL, 2, 5, NULL, NULL, 0, NULL),
(24, 11, 'Women\'s Freestyle', 'Kaori Icho', '4x Olympic Gold', '2016-08-18', 56, 39, NULL, '166 cm', NULL, NULL, NULL, 4, 10, NULL, NULL, 0, NULL),
(25, 11, 'Greco-Roman 77kg', 'Roman Vlasov', '2x Olympic Gold', '2016-08-16', 77, 32, NULL, '180 cm', NULL, NULL, NULL, 2, 2, NULL, NULL, 0, NULL),
(26, 11, 'Freestyle 65kg', 'Soslan Ramonov', 'Olympic Gold', '2016-08-21', 77, 34, NULL, '170 cm', NULL, NULL, NULL, 1, 1, NULL, 3, 0, NULL),
(27, 11, 'Women\'s 53kg', 'Saori Yoshida', '3x Olympic Gold', '2012-08-09', 56, 41, NULL, '157 cm', NULL, NULL, NULL, 3, 13, NULL, NULL, 0, NULL),
(28, 11, 'Greco-Roman 60kg', 'Mijain Lopez', '4x Olympic Gold', '2021-08-02', 278, 41, NULL, '195 cm', NULL, NULL, NULL, 4, 5, NULL, NULL, 0, NULL),
(29, 11, 'Freestyle 74kg', 'Jordan Burroughs', 'Olympic Gold + 7 World Titles', '2023-09-24', 25, 35, NULL, '175 cm', NULL, NULL, NULL, 1, 7, NULL, NULL, 0, NULL),
(30, 11, 'Women\'s 68kg', 'Tamyra Mensah-Stock', 'Olympic Gold', '2021-08-03', 25, 30, NULL, '168 cm', NULL, NULL, NULL, 1, 1, NULL, NULL, 0, NULL),
(31, 12, 'Ice Hockey Goalie', 'Martin Brodeur', '691 Wins', '2017-02-07', 52, 51, NULL, '188 cm', '98 kg', NULL, NULL, 2, NULL, NULL, NULL, 0, NULL),
(32, 12, 'Center', 'Wayne Gretzky', '2857 Points', '1999-04-18', 52, 63, NULL, '183 cm', '84 kg', NULL, NULL, NULL, NULL, NULL, NULL, 0, NULL),
(33, 12, 'Right Wing', 'Alexander Ovechkin', '850+ Goals', '2024-03-21', 77, 38, NULL, '190 cm', '107 kg', NULL, NULL, NULL, NULL, NULL, NULL, 0, NULL),
(34, 12, 'Defenseman', 'Bobby Orr', 'Most Points by Defenseman', '1979-11-01', 52, 75, NULL, '183 cm', '91 kg', NULL, NULL, NULL, NULL, NULL, NULL, 0, NULL),
(35, 12, 'Goalie Modern', 'Carey Price', 'Hart Trophy Winner', '2015-06-24', 52, 36, NULL, '191 cm', '99 kg', NULL, NULL, NULL, NULL, NULL, NULL, 0, NULL),
(36, 12, 'Center Modern', 'Connor McDavid', '4 Art Ross Trophies', '2023-06-13', 52, 27, NULL, '185 cm', '88 kg', NULL, NULL, NULL, NULL, NULL, NULL, 0, NULL),
(37, 12, 'Defenseman Modern', 'Cale Makar', 'Norris Trophy Winner', '2022-06-21', 52, 25, NULL, '180 cm', '87 kg', NULL, NULL, NULL, NULL, NULL, NULL, 0, NULL),
(38, 12, 'Women\'s Hockey', 'Hayley Wickenheiser', '5 Olympic Golds', '2014-02-20', 52, 45, NULL, '175 cm', '77 kg', NULL, NULL, 5, 7, NULL, NULL, 0, NULL),
(39, 12, 'Women\'s Goalie', 'Kim St-Pierre', '3 Olympic Golds', '2014-02-20', 52, 45, NULL, '175 cm', '73 kg', NULL, NULL, 3, 5, NULL, NULL, 0, NULL),
(40, 12, 'Field Hockey', 'Dhyan Chand', '3 Olympic Golds', '1936-08-15', 163, NULL, NULL, '170 cm', NULL, NULL, NULL, 3, NULL, NULL, NULL, 0, NULL),
(41, 9, '100m Sprint', 'Usain Bolt', '9.58s', '2009-08-16', 45, 37, NULL, '195 cm', '94 kg', NULL, NULL, 8, 11, NULL, NULL, 1, NULL),
(42, 9, 'Marathon', 'Eliud Kipchoge', '2:01:09', '2022-09-25', 141, 39, NULL, '167 cm', '56 kg', NULL, NULL, 2, 1, NULL, NULL, 0, NULL),
(43, 9, '400m', 'Wayde van Niekerk', '43.03s', '2016-08-14', 49, 31, NULL, '183 cm', '72 kg', NULL, NULL, 1, 2, NULL, NULL, 0, NULL),
(44, 9, '800m', 'David Rudisha', '1:40.91', '2012-08-09', 141, 35, NULL, '190 cm', '76 kg', NULL, NULL, 2, 2, NULL, NULL, 0, NULL),
(45, 9, '1500m', 'Hicham El Guerrouj', '3:26.00', '1998-07-14', 295, 49, NULL, '176 cm', '58 kg', NULL, NULL, 2, 4, NULL, NULL, 0, NULL),
(46, 9, '5000m/10000m', 'Kenenisa Bekele', '5000m: 12:37.35, 10000m: 26:17.53', '2004-06-01', 296, 41, NULL, '165 cm', '56 kg', NULL, NULL, 3, 5, NULL, NULL, 0, NULL),
(47, 9, '3000m Steeplechase', 'Saif Saaeed Shaheen', '7:53.63', '2004-09-03', 158, 41, NULL, '172 cm', '60 kg', NULL, NULL, NULL, 2, NULL, NULL, 0, NULL),
(48, 9, '110m Hurdles', 'Aries Merritt', '12.80s', '2012-09-07', 25, 38, NULL, '185 cm', '79 kg', NULL, NULL, 1, 1, NULL, NULL, 0, NULL),
(49, 9, '400m Hurdles', 'Karsten Warholm', '45.94s', '2021-08-03', 9, 28, NULL, '187 cm', '82', NULL, NULL, 1, 3, NULL, NULL, 0, NULL),
(50, 9, 'Women\'s 100m', 'Shelly-Ann Fraser-Pryce', '10.60s', '2021-08-26', 45, 37, NULL, '152 cm', '52 kg', NULL, NULL, 3, 10, NULL, NULL, 0, NULL),
(51, 7, 'Major Championships', 'Tiger Woods', '15 Majors', '2019-04-14', 25, 48, NULL, '185 cm', '84 kg', NULL, NULL, NULL, NULL, NULL, NULL, 0, NULL),
(52, 7, 'Women\'s Golf', 'Annika Sorenstam', '72 LPGA Wins', '2008-12-07', 18, 53, NULL, '168 cm', NULL, NULL, NULL, NULL, NULL, NULL, NULL, 0, NULL),
(53, 7, 'Modern Golf', 'Rory McIlroy', '4 Majors', '2014-07-20', 101, 34, NULL, '175 cm', '73 kg', NULL, NULL, NULL, NULL, NULL, NULL, 0, NULL),
(54, 7, 'Long Drive', 'Bryson DeChambeau', 'Driving Distance Leader', '2023-08-20', 25, 30, NULL, '185 cm', '104 kg', NULL, NULL, NULL, NULL, NULL, NULL, 0, NULL),
(55, 7, 'Youngest Major Winner', 'Jordan Spieth', '3 Majors by Age 24', '2017-07-23', 25, 30, NULL, '185 cm', '84 kg', NULL, NULL, NULL, NULL, NULL, NULL, 0, NULL),
(56, 7, 'International Golf', 'Hideki Matsuyama', 'First Japanese Major Winner', '2021-04-11', 56, 32, NULL, '175 cm', '82 kg', NULL, NULL, NULL, NULL, NULL, NULL, 0, NULL),
(57, 7, 'Women\'s Modern', 'Nelly Korda', 'World Number One', '2024-03-24', 25, 25, NULL, '175 cm', NULL, NULL, NULL, NULL, NULL, NULL, NULL, 0, NULL),
(58, 7, 'Senior Golf', 'Bernhard Langer', '46 Senior Wins', '2023-07-23', 22, 66, NULL, '178 cm', NULL, NULL, NULL, NULL, NULL, NULL, NULL, 0, NULL),
(59, 7, 'British Golf', 'Nick Faldo', '6 Majors', '1996-04-14', 16, 66, NULL, '191 cm', NULL, NULL, NULL, NULL, NULL, NULL, NULL, 0, NULL),
(60, 7, 'South African Golf', 'Gary Player', '9 Majors', '1978-07-09', 49, 88, NULL, '168 cm', NULL, NULL, NULL, NULL, NULL, NULL, NULL, 0, NULL),
(61, 8, 'Butterfly', 'Michael Phelps', '23 Olympic Golds', '2016-08-13', 25, 38, NULL, '193 cm', '88 kg', NULL, NULL, 23, 26, NULL, NULL, 1, NULL),
(62, 8, 'Freestyle', 'Katie Ledecky', 'World Champion', '2023-07-27', 25, 27, NULL, '180 cm', '68 kg', NULL, NULL, 7, 21, NULL, NULL, 0, NULL),
(63, 8, 'Backstroke', 'Ryan Murphy', 'World Record Holder', '2023-07-30', 25, 28, NULL, '191 cm', '86 kg', NULL, NULL, 4, 7, NULL, NULL, 0, NULL),
(64, 8, 'Breaststroke', 'Adam Peaty', '56.88s 100m Breast', '2021-07-26', 252, 29, NULL, '191 cm', '94 kg', NULL, NULL, 3, 8, NULL, NULL, 0, NULL),
(65, 8, 'IM (Individual Medley)', 'Chase Kalisz', 'Olympic Gold', '2021-07-30', 25, 30, NULL, '188 cm', '84 kg', NULL, NULL, 1, 4, NULL, NULL, 0, NULL),
(66, 8, 'Sprint Freestyle', 'Caeleb Dressel', 'World Record Holder', '2021-07-29', 25, 27, NULL, '191 cm', '91 kg', NULL, NULL, 7, 15, NULL, NULL, 0, NULL),
(67, 8, 'Distance Freestyle', 'Sun Yang', '1500m World Record', '2012-08-04', 151, 32, NULL, '198 cm', '89 kg', NULL, NULL, 3, 11, NULL, NULL, 0, NULL),
(68, 8, 'Women\'s Breaststroke', 'Lilly King', 'World Record Holder', '2023-07-26', 25, 27, NULL, '175 cm', '68 kg', NULL, NULL, 2, 6, NULL, NULL, 0, NULL),
(69, 8, 'Women\'s Butterfly', 'Sarah Sjöström', 'World Record Holder', '2023-07-29', 18, 30, NULL, '182 cm', '70 kg', NULL, NULL, 1, 12, NULL, NULL, 0, NULL),
(70, 8, 'Open Water', 'Florian Wellbrock', 'World Champion', '2023-07-20', 22, 26, NULL, '192 cm', '80 kg', NULL, NULL, 1, 5, NULL, NULL, 0, NULL),
(71, 5, 'Mr. Olympia', 'Ronnie Coleman', '8 Titles', '2005-09-24', 25, 59, NULL, '180 cm', NULL, NULL, NULL, NULL, NULL, NULL, NULL, 0, NULL),
(72, 5, 'Mr. Olympia Modern', 'Chris Bumstead', '5x Classic Physique Olympia', '2023-11-04', 52, 29, NULL, '188 cm', NULL, NULL, NULL, NULL, NULL, NULL, NULL, 0, NULL),
(73, 5, 'Ms. Olympia', 'Iris Kyle', '10x Ms. Olympia', '2014-09-20', 25, 50, NULL, '168 cm', NULL, NULL, NULL, NULL, 4, NULL, NULL, 1, NULL),
(74, 5, '212 Olympia', 'Shawn Rhoden', 'Mr. Olympia 2018', '2018-09-16', 45, 49, NULL, '175 cm', NULL, NULL, NULL, NULL, NULL, NULL, NULL, 0, NULL),
(75, 5, 'Women\'s Physique', 'Sarah Villegas', 'Olympia Champion', '2023-11-04', 25, 36, NULL, '163 cm', NULL, NULL, NULL, NULL, NULL, NULL, NULL, 0, NULL),
(76, 5, 'Men\'s Physique', 'Jeremy Buendia', '4x Men\'s Physique Olympia', '2017-09-17', 25, 32, NULL, '173 cm', NULL, NULL, NULL, NULL, NULL, NULL, NULL, 0, NULL),
(77, 5, 'Figure Olympia', 'Cydney Gillon', '7x Figure Olympia', '2023-11-04', 25, 32, NULL, '163 cm', NULL, NULL, NULL, NULL, NULL, NULL, NULL, 0, NULL),
(78, 5, 'Bikini Olympia', 'Lauralie Chapados', 'Olympia Champion', '2023-11-04', 52, 30, NULL, '160 cm', NULL, NULL, NULL, NULL, NULL, NULL, NULL, 0, NULL),
(79, 5, 'Veteran Bodybuilder', 'Dexter Jackson', '29 IFBB Pro Wins', '2020-03-07', 25, 54, NULL, '168 cm', NULL, NULL, NULL, NULL, NULL, NULL, NULL, 0, NULL),
(80, 5, 'Mass Monster', 'Mamdouh Elssbiay', '2x Mr. Olympia', '2021-10-10', 1, 39, NULL, '178 cm', NULL, NULL, NULL, NULL, NULL, NULL, NULL, 0, NULL),
(81, 1, 'Beach Volleyball', 'Kerri Walsh Jennings', '3 Olympic Golds', '2016-08-18', 25, 45, NULL, '188 cm', NULL, NULL, NULL, 3, 3, NULL, NULL, 0, NULL),
(82, 1, 'Indoor Volleyball', 'Giba (Gilberto Godoy Filho)', 'Olympic Gold 2004', '2004-08-29', 13, 47, NULL, '192 cm', NULL, NULL, NULL, 1, 2, NULL, 2, 0, NULL),
(83, 1, 'Women\'s Indoor', 'Lang Ping', 'Olympic Gold as Player and Coach', '2016-08-20', 151, 63, NULL, '184 cm', NULL, NULL, NULL, NULL, NULL, NULL, NULL, 0, NULL),
(84, 1, 'Men\'s Beach', 'Phil Dalhausser', 'Olympic Gold 2008', '2008-08-22', 25, 44, NULL, '201 cm', NULL, NULL, NULL, 1, 1, NULL, NULL, 0, NULL),
(85, 1, 'Setter', 'Bruno Rezende', '2x Olympic Gold', '2016-08-21', 13, 37, NULL, '190 cm', NULL, NULL, NULL, 2, 2, NULL, NULL, 0, NULL),
(86, 1, 'Opposite Hitter', 'Ivan Zaytsev', 'Olympic Silver 2016', '2016-08-21', 47, 35, NULL, '204 cm', NULL, NULL, NULL, NULL, 1, NULL, NULL, 0, NULL),
(87, 1, 'Libero', 'Jenny Lang Ping', 'Best Libero', '2012-08-11', 47, 39, NULL, '168 cm', NULL, NULL, NULL, NULL, 1, NULL, NULL, 0, NULL),
(88, 1, 'Middle Blocker', 'Max Holt', 'World Cup Winner', '2015-09-23', 25, 36, NULL, '205 cm', NULL, NULL, NULL, NULL, NULL, NULL, 1, 0, NULL),
(89, 1, 'Women\'s Beach', 'April Ross', '3 Olympic Medals', '2021-08-06', 25, 41, NULL, '185 cm', NULL, NULL, NULL, NULL, 1, 0, NULL, 0, NULL),
(90, 1, 'Young Talent', 'Paola Egonu', 'World Championship MVP', '2022-10-15', 47, 25, NULL, '193 cm', NULL, NULL, NULL, NULL, NULL, NULL, NULL, 0, NULL),
(91, 2, 'Forward', 'Lionel Messi', '800+ Goals', '2023-12-18', 8, 36, NULL, '170 cm', NULL, NULL, NULL, NULL, NULL, NULL, NULL, 0, NULL),
(92, 2, 'Goalkeeper', 'Gianluigi Buffon', 'Clean Sheets Record', '2020-07-29', 47, 46, NULL, '192 cm', NULL, NULL, NULL, NULL, NULL, NULL, NULL, 0, NULL),
(93, 2, 'Midfielder', 'Luka Modrić', 'Ballon d\'Or 2018', '2018-12-03', 15, 38, NULL, '172 cm', NULL, NULL, NULL, NULL, NULL, NULL, NULL, 0, NULL),
(94, 2, 'Defender', 'Sergio Ramos', 'Most Spain Caps', '2023-03-25', 11, 37, NULL, '184 cm', NULL, NULL, NULL, NULL, NULL, NULL, NULL, 0, NULL),
(95, 2, 'Striker', 'Cristiano Ronaldo', 'Most International Goals', '2023-10-12', 7, 39, NULL, '187 cm', NULL, NULL, NULL, NULL, NULL, NULL, NULL, 0, NULL),
(96, 2, 'Winger', 'Kylian Mbappé', 'World Cup 2018', '2018-07-15', 6, 25, NULL, '178 cm', NULL, NULL, NULL, NULL, NULL, NULL, NULL, 0, NULL),
(97, 2, 'Playmaker', 'Kevin De Bruyne', 'Premier League Playmaker Awards', '2023-05-28', 19, 32, NULL, '181 cm', NULL, NULL, NULL, NULL, NULL, NULL, NULL, 0, NULL),
(98, 2, 'Women\'s Football', 'Megan Rapinoe', 'World Cup 2019', '2019-07-07', 25, 38, NULL, '168 cm', NULL, NULL, NULL, 1, NULL, NULL, NULL, 0, NULL),
(99, 2, 'Young Talent', 'Jude Bellingham', 'Golden Boy 2023', '2023-10-27', 16, 20, NULL, '186 cm', NULL, NULL, NULL, NULL, NULL, NULL, NULL, 0, NULL),
(100, 2, 'Legendary Manager', 'Sir Alex Ferguson', '13 Premier League Titles', '2013-05-19', 360, 82, NULL, NULL, NULL, NULL, NULL, NULL, NULL, NULL, NULL, 0, NULL),
(101, 3, 'Scoring Guard', 'Kobe Bryant', '81 Points Game', '2006-01-22', 25, NULL, NULL, '198 cm', NULL, NULL, NULL, 2, NULL, NULL, NULL, 0, NULL),
(102, 3, 'All-Time Scoring', 'LeBron James', 'All-Time Scoring Leader', '2023-02-07', 25, 39, NULL, '206 cm', NULL, NULL, NULL, 2, NULL, NULL, NULL, 0, NULL),
(103, 3, 'Three-Point Shooting', 'Stephen Curry', 'All-Time 3PM Leader', '2021-12-14', 25, 36, NULL, '188 cm', NULL, NULL, NULL, NULL, NULL, NULL, NULL, 0, NULL),
(104, 3, 'Center Dominance', 'Shaquille O\'Neal', '3x Finals MVP', '2006-06-20', 25, 52, NULL, '216 cm', '147 kg', NULL, NULL, NULL, NULL, NULL, NULL, 0, NULL),
(105, 3, 'International Star', 'Luka Dončić', 'Youngest EuroLeague MVP', '2023-12-25', 36, 25, NULL, '201 cm', NULL, NULL, NULL, NULL, NULL, NULL, NULL, 0, NULL),
(106, 3, 'Defensive Specialist', 'Kawhi Leonard', '2x Defensive Player of Year', '2021-06-14', 25, 32, NULL, '201 cm', NULL, NULL, NULL, NULL, NULL, NULL, NULL, 0, NULL),
(107, 3, 'Women\'s Basketball', 'Diana Taurasi', 'All-Time WNBA Scoring', '2023-08-03', 25, 41, NULL, '183 cm', NULL, NULL, NULL, 5, NULL, NULL, NULL, 0, NULL),
(108, 3, 'Point Guard Legacy', 'Magic Johnson', '5x NBA Champion', '1991-11-07', 25, 64, NULL, '206 cm', NULL, NULL, NULL, NULL, NULL, NULL, NULL, 0, NULL),
(109, 3, 'Greek Freak', 'Giannis Antetokounmpo', 'NBA Champion 2021', '2021-07-20', 29, 29, NULL, '211 cm', NULL, NULL, NULL, NULL, NULL, NULL, NULL, 0, NULL),
(110, 3, 'European Legend', 'Dirk Nowitzki', 'NBA Champion 2011', '2011-06-12', 22, 45, NULL, '213 cm', NULL, NULL, NULL, NULL, NULL, NULL, NULL, 0, NULL),
(111, 14, 'Lightweight', 'Khabib Nurmagomedov', '29-0', '2020-10-24', 77, 35, NULL, '178 cm', NULL, NULL, NULL, NULL, NULL, NULL, NULL, 127, NULL),
(112, 14, 'Welterweight', 'Georges St-Pierre', '26-2', '2017-11-04', 52, 42, NULL, '178 cm', NULL, NULL, NULL, NULL, NULL, NULL, NULL, 127, NULL),
(113, 14, 'Heavyweight', 'Jon Jones', '27-1 (1 NC)', '2023-03-04', 25, 36, NULL, '193 cm', NULL, NULL, NULL, NULL, NULL, NULL, NULL, 0, NULL),
(114, 14, 'Women\'s MMA', 'Amanda Nunes', '23-5', '2023-06-10', 13, 35, NULL, '173 cm', NULL, NULL, NULL, NULL, NULL, NULL, NULL, 127, NULL),
(115, 14, 'Featherweight', 'Alexander Volkanovski', '26-3', '2023-07-08', 80, 35, NULL, '168 cm', NULL, NULL, NULL, NULL, NULL, NULL, NULL, 0, NULL),
(116, 14, 'Bantamweight', 'Aljamain Sterling', '23-3', '2023-08-19', 25, 34, NULL, '170 cm', NULL, NULL, NULL, NULL, NULL, NULL, NULL, 0, NULL),
(117, 14, 'Light Heavyweight', 'Alex Pereira', '9-2', '2023-11-11', 13, 36, NULL, '193 cm', NULL, NULL, NULL, NULL, NULL, NULL, NULL, 0, NULL),
(118, 14, 'Flyweight', 'Demetrious Johnson', '25-4-1', '2023-05-05', 25, 37, NULL, '160 cm', NULL, NULL, NULL, NULL, NULL, NULL, NULL, 0, NULL),
(119, 14, 'Women\'s Strawweight', 'Zhang Weili', '24-3', '2023-08-19', 151, 34, NULL, '163 cm', NULL, NULL, NULL, NULL, NULL, NULL, NULL, 0, NULL),
(120, 14, 'Prospect', 'Khamzat Chimaev', '13-0', '2023-10-21', 18, 29, NULL, '188 cm', NULL, NULL, NULL, NULL, NULL, NULL, NULL, 0, NULL),
(121, 6, 'Grand Slams', 'Novak Djokovic', '24 Titles', '2023-09-10', 73, 36, NULL, '188 cm', NULL, NULL, NULL, NULL, NULL, NULL, NULL, 0, NULL),
(122, 6, 'Women\'s Tennis', 'Serena Williams', '23 Grand Slams', '2017-01-28', 25, 42, NULL, '175 cm', NULL, NULL, NULL, 4, NULL, NULL, NULL, 127, NULL),
(123, 6, 'Federer Legacy', 'Roger Federer', '20 Grand Slams', '2018-01-28', 71, 42, NULL, '185 cm', NULL, NULL, NULL, NULL, NULL, NULL, NULL, 127, NULL),
(124, 6, 'Clay Court King', 'Rafael Nadal', '22 Grand Slams', '2022-06-05', 11, 37, NULL, '185 cm', NULL, NULL, NULL, NULL, NULL, NULL, NULL, 0, NULL);

-- --------------------------------------------------------

--
-- Table structure for table `sports`
--

CREATE TABLE `sports` (
  `id` int(10) UNSIGNED NOT NULL,
  `name` varchar(100) NOT NULL,
  `header_image` varchar(255) DEFAULT NULL,
  `logo_image` varchar(255) DEFAULT NULL,
  `description` text DEFAULT NULL,
  `history` text DEFAULT NULL,
  `rules` text DEFAULT NULL,
  `equipment` text DEFAULT NULL,
  `fact` varchar(500) DEFAULT NULL,
  `created_at` timestamp NOT NULL DEFAULT current_timestamp(),
  `card_image` varchar(255) DEFAULT NULL
) ENGINE=InnoDB DEFAULT CHARSET=utf8mb4 COLLATE=utf8mb4_general_ci;

--
-- Dumping data for table `sports`
--

INSERT INTO `sports` (`id`, `name`, `header_image`, `logo_image`, `description`, `history`, `rules`, `equipment`, `fact`, `created_at`, `card_image`) VALUES
(1, 'Volleyball', 'images/volleyball-header.png', 'images/logos/volleyball-back.png', '[\"Volleyball is a dynamic team sport where two teams of six players each compete on a rectangular court separated by a high net. The primary goal is to send the ball over the net and land it on the opponent’s side while preventing them from returning it. Each team is allowed up to three touches to return the ball to the opposing team, making strategy and coordination essential.\", \"Players specialize in different roles such as setters, hitters, liberos, and blockers. A typical match consists of multiple sets, often best-of-five, with each set played to 25 points and requiring a two-point lead to win. The sport combines agility, reflexes, jumping ability, and tactical awareness, demanding both physical and mental preparation.\", \"Volleyball is popular worldwide, played both indoors and on beaches. The sport emphasizes teamwork, quick communication, and anticipation, as fast rallies and sudden spikes require split-second decisions.\"]', '[\"Volleyball was invented in 1895 by William G. Morgan in Holyoke, Massachusetts, as a less physically demanding alternative to basketball. Originally called \'Mintonette\', the game was designed for business men to play indoors during the winter.\", \"Over the 20th century, volleyball spread internationally and became an Olympic sport in 1964. Beach volleyball emerged later, adding its own rules and competitive scene, and today, both indoor and beach formats are widely played globally.\"]', '[\"Each team can touch the ball a maximum of three times before sending it over the net. Players may not catch or throw the ball.\", \"Points are scored through groundings, opponent errors, or serves that the opponent fails to return. Matches are generally played in a best-of-five sets format.\", \"Rotations and positions are strictly regulated, and liberos have specific restrictions such as not being allowed to attack above net height.\"]', '[\"A regulation volleyball, net set at a height of 2.43 meters for men and 2.24 meters for women, and a standard court measuring 18 by 9 meters.\", \"Players wear team uniforms, typically shorts and jerseys, along with supportive shoes and often knee pads for protection during dives.\"]', 'The world record for the highest volleyball spike reach exceeds 3.5 meters, demonstrating incredible vertical ability.', '2026-04-19 06:05:49', 'images/volleyball-front.jpg'),
(2, 'Football', 'images/football-header.png', 'images/logos/football-back.png', '[\"Football, also known as soccer, is the most popular sport in the world, played between two teams of eleven players on a rectangular field. The objective is to score goals by advancing a spherical ball into the opposing team\'s net while defending your own.\", \"The game emphasizes teamwork, stamina, tactical awareness, ball control, passing accuracy, and situational decision-making. Players specialize in positions such as forwards, midfielders, defenders, and goalkeepers, each with unique responsibilities.\", \"Matches are typically 90 minutes long, divided into two halves of 45 minutes each, with added injury time. Competitive football can involve strategies like pressing, counter-attacking, and possession-based play, making it a sport of both physical and mental complexity.\"]', '[\"Modern football emerged in England during the mid-19th century, evolving from medieval folk football games played across Europe. The Football Association codified the Laws of the Game in 1863, establishing rules that formed the foundation of the sport.\", \"The sport spread rapidly, becoming the central competitive sport worldwide. Iconic competitions like the FIFA World Cup, UEFA Champions League, and national leagues demonstrate the sport\'s global influence.\"]', '[\"Players may use any part of their body except hands or arms to move the ball, except goalkeepers within their penalty area. Offside rules prevent players from gaining unfair advantage.\", \"Matches are won by the team scoring the most goals, and tie-breaking rules such as extra time and penalty shootouts may apply in knockout competitions.\", \"Fouls and misconduct are penalized with free kicks, penalty kicks, yellow cards, or red cards, depending on severity.\"]', '[\"A spherical football, goalposts with nets, team uniforms, cleats for traction, and shin guards for protection.\", \"Goalkeepers additionally wear gloves and sometimes padded jerseys for safety.\"]', 'The fastest recorded goal in football history was scored in just 2.4 seconds after kickoff.', '2026-04-19 06:05:49', 'images/football-front.jpg'),
(3, 'Basketball', 'images/basketball-header.png', 'images/logos/basketball-back.png', '[\"Basketball is a fast-paced indoor team sport where two teams of five players each compete on a rectangular court with the aim of scoring points by shooting the ball through the opponent’s hoop. It requires a combination of dribbling, passing, shooting, and defensive skills.\", \"The sport demands agility, vertical jump, reflexes, and tactical intelligence. Matches consist of four quarters, each lasting 10–12 minutes depending on the league, with overtime periods if scores are tied.\", \"Basketball is not only about scoring but also includes rebounding, steals, blocks, and fast breaks, making it an intense physical and strategic game.\"]', '[\"Basketball was invented in December 1891 by Dr. James Naismith in Springfield, Massachusetts, to keep athletes active indoors during winter. The first games were played with a soccer ball and peach baskets as goals.\", \"Over time, dribbling was introduced, rules were standardized, and professional leagues emerged. The NBA, founded in 1946, became the premier league for basketball talent worldwide.\"]', '[\"Each team fields five players, aiming to outscore the opponent. Field goals are worth two points, or three from behind the three-point line. Free throws are awarded for fouls.\", \"Players must dribble while moving. Traveling, double dribbling, goaltending, and other violations incur turnovers.\", \"Games include shot clocks to prevent stalling, and teams must strategically balance offense and defense.\"]', '[\"An official basketball, hoop with backboard, court markings, and player shoes designed for grip and support.\", \"Uniforms typically include a jersey and shorts, often with numbers and team colors.\"]', 'The first basketball hoops were peach baskets with their bottoms intact, requiring manual retrieval of the ball.', '2026-04-19 06:05:49', 'images/basketball-front.jpg'),
(4, 'Weightlifting', 'images/weightlifting-header.png', 'images/logos/weightlifting-back.png', '[\"Weightlifting is an Olympic strength sport consisting of two main lifts: the snatch and the clean and jerk. Athletes aim to lift the maximum weight overhead using explosive power, technique, balance, and coordination.\", \"The sport requires a combination of strength, mobility, speed, and precise technique. Training includes accessory work, leg strength development, overhead stability, and flexibility to support safe and efficient lifting.\", \"Weightlifters compete within bodyweight categories, and each lift demands mastery of timing, footwork, bar path control, and body positioning.\"]', '[\"Modern Olympic weightlifting originated in the late 19th century and became an official Olympic sport in 1896. Over time, rules were refined, and women’s weightlifting was added to the Olympics in 2000.\", \"The sport evolved from general strength competitions into a highly technical discipline with standardized weight classes and international competitions regulated by the IWF.\"]', '[\"Each athlete has three attempts in the snatch and three attempts in the clean and jerk. The best successful lift in each category is combined for the total score.\", \"Athletes must follow technical standards: in the snatch the bar must be lifted overhead in one motion; in the clean and jerk the bar is first cleaned to the shoulders, then jerked overhead.\", \"Judges evaluate lifts based on lockout, control, stability, and proper foot positioning. Any press-out, elbow bend, or imbalance can lead to a failed lift.\"]', '[\"Olympic barbells, bumper plates, lifting platforms, chalk, weightlifting shoes with raised heels, and belts for core stability.\", \"Lifters may also use knee sleeves, wrist wraps, and mobility tools for warm-up and injury prevention.\"]', 'The clean and jerk world records exceed 260 kg for men and 190 kg for women, showcasing extreme explosive power and technique.', '2026-04-19 06:05:49', 'images/weightlifting-front.jpg'),
(5, 'Bodybuilding', 'images/bodybuilding-header.png', 'images/logos/bodybuilding-back.png', '[\"Bodybuilding is a sport focused on developing muscle size, symmetry, and definition. Athletes combine resistance training, nutrition, and recovery strategies to optimize physique.\", \"Training includes a combination of compound and isolation exercises targeting all muscle groups, often split across different days to allow for optimal growth and recovery.\", \"Posing and stage presentation are essential aspects, as judges assess muscle shape, proportion, and overall aesthetics, not just sheer size.\"]', '[\"Modern bodybuilding emerged in the late 19th century with pioneers like Eugen Sandow promoting muscle display and physical culture.\", \"The sport gained popularity through competitions like Mr. Olympia and the IFBB World Championships, emphasizing both development and visual presentation.\"]', '[\"Competitors are judged based on symmetry, muscularity, definition, and stage presence.\", \"Posing routines must adhere to competition guidelines, with mandatory poses for front, back, and side views.\", \"Athletes must meet weight and category requirements depending on the division.\"]', '[\"Free weights, machines, resistance bands, benches, and various nutrition and supplementation plans.\", \"Posing trunks, tanning products, and sometimes oils are used for stage presentation.\"]', 'Bodybuilders often manipulate water and sodium intake before competitions to enhance muscle definition.', '2026-04-19 06:05:50', 'images/bodybuilding-front.jpg'),
(6, 'Tennis', 'images/tennis-header.png', 'images/logos/tennis-back.png', '[\"Tennis is a racket sport played individually or in doubles on a rectangular court divided by a net. The objective is to hit the ball over the net in a way that the opponent cannot return it within the allowed bounds.\", \"The game combines endurance, agility, hand-eye coordination, and strategy. Matches are divided into sets and games, with players aiming to win a majority to secure the match.\", \"Tennis requires players to master serves, volleys, groundstrokes, and lobs, with varying spins and speeds to challenge opponents and control the pace of play.\"]', '[\"Tennis originated from a medieval French handball game called \'jeu de paume\'. Modern lawn tennis was codified in England in the late 19th century.\", \"The sport has grown globally, with major tournaments like Wimbledon, the US Open, the French Open, and the Australian Open forming the Grand Slam events.\"]', '[\"Players serve from behind the baseline, alternating sides every point. A game is won by scoring four points with at least a two-point margin.\", \"Sets are won by winning six games with a two-game margin. Matches are usually best-of-three or best-of-five sets.\", \"Players cannot touch the net or step over the baseline during serves, and various foot-fault rules apply.\"]', '[\"Tennis rackets, tennis balls, proper court surfaces (grass, clay, or hard), tennis shoes designed for lateral movement, and athletic attire.\", \"Grip tape, vibration dampeners, and occasionally performance-enhancing accessories are used.\"]', 'The fastest recorded serve in men\'s tennis reached 263 km/h (163 mph).', '2026-04-19 06:05:50', 'images/tennis-front.jpg'),
(7, 'Golf', 'images/golf-header.png', 'images/logos/golf-back.png', '[\"Golf is a precision club-and-ball sport in which players aim to hit balls into a series of holes on a course using the fewest strokes possible. The sport emphasizes accuracy, technique, and strategic planning.\", \"Players must account for wind, terrain, and obstacles, choosing clubs and shot types carefully. Mental focus and patience are crucial, as rounds can last several hours.\", \"Golf challenges hand-eye coordination, timing, and control over swing mechanics, combining both physical skill and strategic decision-making.\"]', '[\"Golf originated in Scotland during the 15th century. Early courses used natural terrain, and clubs were handmade. The sport quickly spread across Europe and later the United States.\", \"Professional tours and tournaments like The Masters, the British Open, and the PGA Championship established competitive golf as a major global sport.\"]', '[\"Players play the ball from the tee to the hole with as few strokes as possible. The lowest total strokes determine the winner.\", \"Rules cover course boundaries, hazards, ball movement, and etiquette such as letting faster players play through.\", \"Penalties are applied for lost balls, water hazards, and rule infractions.\"]', '[\"Golf clubs (driver, irons, wedges, putter), golf balls, tees, gloves, and specialized golf shoes.\", \"Players also use rangefinders, carts, and practice tools to improve accuracy.\"]', 'The longest drive recorded in professional golf exceeded 500 yards.', '2026-04-19 06:05:50', 'images/golf-front.jpg'),
(8, 'Swimming', 'images/swimming-header.png', 'images/logos/swimming-back.png', '[\"Swimming is a water-based sport involving propelling the body through water using arms and legs. Competitive swimming includes different strokes such as freestyle, backstroke, breaststroke, and butterfly.\", \"It requires cardiovascular endurance, strength, technique, and flexibility. Swimmers must optimize stroke efficiency, breathing rhythm, and turn speed for maximal performance.\", \"Swimming can be individual or relay events, with distances ranging from short sprints to long-distance marathons, emphasizing both speed and stamina.\"]', '[\"Swimming competitions date back to ancient civilizations, but modern competitive swimming began in the 19th century in Europe.\", \"It became an Olympic sport in 1896, with standardized strokes and pool lengths evolving over time.\"]', '[\"Each stroke has specific rules regarding movement and body position. Swimmers must touch walls during turns according to stroke regulations.\", \"False starts, improper turns, and illegal strokes result in disqualification.\", \"Timing is recorded with electronic touchpads for accuracy.\"]', '[\"Swimwear designed for performance, goggles, swim caps, and sometimes fins or paddles for training.\", \"Professional pools have lane lines, starting blocks, and backstroke flags for competitive standards.\"]', 'The fastest recorded human swim in 100m freestyle is under 47 seconds.', '2026-04-19 06:05:50', 'images/swimming-front.jpg'),
(9, 'Running', 'images/running-header.png', 'images/logos/running-back.png', '[\"Running is a fundamental human activity and competitive sport involving rapid locomotion using the legs. Track events range from short sprints to middle- and long-distance races, each requiring specialized training.\", \"It emphasizes cardiovascular endurance, speed, stride mechanics, and mental toughness. Proper footwear, running surfaces, and technique are crucial for performance and injury prevention.\", \"Running events can be individual or part of relay teams, with competitions including marathons, sprints, hurdles, and cross-country races.\"]', '[\"Running is one of the oldest forms of human competition, with records of footraces dating back to ancient Greece and the Olympic Games.\", \"Modern track and field standardized distances, rules, and events during the 19th and 20th centuries, creating the framework for international competitions.\"]', '[\"Races are run over specific distances, with starting blocks used for sprints. Athletes must remain in their designated lanes when required.\", \"False starts, lane infractions, and interference with other competitors result in penalties or disqualification.\", \"Timing is measured precisely, often to hundredths of a second.\"]', '[\"Running shoes designed for distance or sprinting, breathable athletic wear, and sometimes timing devices or GPS trackers.\", \"Track surfaces can be synthetic, asphalt, or grass depending on competition type.\"]', 'The world record for the fastest 100m sprint is under 9.6 seconds.', '2026-04-19 06:05:51', 'images/running-front.jpg'),
(10, 'Boxing', 'images/boxing-header.png', 'images/logos/boxing-back.png', '[\"Boxing is a combat sport where two competitors engage in controlled bouts, aiming to score points or achieve knockouts using punches. The sport requires strength, endurance, strategy, and defensive skills.\", \"Training includes cardiovascular conditioning, strength work, speed drills, and technique refinement. Fighters study opponents to anticipate strategies and counter effectively.\", \"Boxing matches are structured in rounds, each lasting a few minutes with breaks in between. Defensive maneuvers, footwork, and head movement are critical components.\"]', '[\"Boxing traces back to ancient civilizations like Egypt and Greece. Modern boxing rules emerged in the 18th century in England with the introduction of gloves and rounds.\", \"The sport evolved to include professional, amateur, and Olympic levels, creating a global competitive framework.\"]', '[\"Competitors must follow weight divisions, use approved gloves, and adhere to round timing.\", \"Punches must target legal areas (above the waist). Fouls like hitting below the belt, headbutting, or holding are penalized.\", \"Matches are scored by judges based on clean punches, defense, and ring control.\"]', '[\"Boxing gloves, hand wraps, mouthguards, headgear for amateurs, and protective shorts and shoes.\", \"Training equipment includes heavy bags, speed bags, and mitts for skill development.\"]', 'Muhammad Ali was known for his incredible reflexes, coining the phrase \'float like a butterfly, sting like a bee\'.', '2026-04-19 06:05:51', 'images/boxing-front.jpg'),
(11, 'Wrestling', 'images/wrestling-header.png', NULL, '[\"Wrestling is a grappling combat sport where two competitors attempt to gain control over each other using holds, throws, and pins. The sport demands strength, endurance, technique, and strategic thinking.\", \"Matches require mastering takedowns, escapes, reversals, and pinning combinations. Physical conditioning and agility are essential for effective performance.\", \"Wrestling is practiced in multiple styles such as freestyle, Greco-Roman, and folkstyle, each with specific rules and scoring systems.\"]', '[\"Wrestling is one of the oldest sports known to humanity, with origins in ancient Egypt, Greece, and Mesopotamia. It was a core Olympic sport in ancient times.\", \"Modern international wrestling is regulated by United World Wrestling, governing rules, competitions, and Olympic participation.\"]', '[\"Points are scored for takedowns, reversals, exposures, and near-fall positions.\", \"Illegal moves such as choking, joint manipulation, or strikes are penalized.\", \"Matches are timed, with periods varying by competition level, and victory can be by points, fall, or technical superiority.\"]', '[\"Wrestling singlets, headgear to protect ears, wrestling shoes, and mats with defined boundaries.\", \"Training includes resistance training, agility drills, and sparring sessions.\"]', 'Wrestlers can generate enormous force using leverage and technique, sometimes lifting opponents several times their own body weight.', '2026-04-19 06:05:51', NULL),
(12, 'Hockey', 'images/hockey-header.png', 'images/logos/hockey-back.png', '[\"Hockey is a fast-paced team sport played on ice or field, where players aim to score goals using sticks to propel a puck or ball. It requires skating or running skills, teamwork, and quick decision-making.\", \"The game emphasizes coordination, stamina, and tactical awareness. Players specialize in forwards, defensemen, and goalkeepers, with roles that shift dynamically during play.\", \"Matches are structured in periods, with stoppages for penalties, goals, or out-of-bounds play. Quick transitions between offense and defense make it highly demanding physically and mentally.\"]', '[\"Ice hockey originated in Canada in the 19th century, evolving from various stick-and-ball games. Field hockey has roots in ancient civilizations and was formalized in 19th century England.\", \"Both forms of hockey became popular internationally, featuring professional leagues, Olympic competitions, and World Cups.\"]', '[\"Players may not use their hands (except goalkeepers in ice hockey) to touch the puck/ball. Offside, icing, and penalty rules regulate fair play.\", \"Penalties include tripping, high-sticking, and checking infractions.\", \"Games can go into overtime or shootouts if tied.\"]', '[\"Sticks, skates (ice hockey), protective padding, helmets, gloves, and team uniforms.\", \"Ice hockey uses a puck; field hockey uses a small hard ball.\"]', 'The Stanley Cup is the oldest professional sports trophy in North America, first awarded in 1893.', '2026-04-19 06:05:51', 'images/hockey-front.jpg'),
(13, 'Cycling', 'images/cycling-header.png', 'images/logos/cycling-back.png', '[\"Cycling is a sport involving riding bicycles for competition or endurance. It includes road racing, track cycling, mountain biking, and BMX, demanding stamina, speed, and technical bike handling.\", \"Athletes must manage pacing, terrain, wind, and gear selection. Aerodynamics, endurance, and tactical strategies are critical for success.\", \"Cycling competitions can be individual time trials, mass-start races, or multi-stage tours, testing physical conditioning and strategic intelligence.\"]', '[\"Cycling emerged in the 19th century with the invention of the modern bicycle. Competitive races began in Europe, with events like the Tour de France starting in 1903.\", \"Today, cycling has professional tours, Olympic events, and recreational popularity worldwide.\"]', '[\"Competitors must adhere to race rules regarding drafting, lane usage, and safety. Violations can result in penalties or disqualification.\", \"Races are timed or point-based depending on the event format.\", \"Equipment regulations govern bicycle dimensions, weight, and safety gear.\"]', '[\"Bicycles tailored for racing or terrain, helmets, cycling shoes, gloves, and aerodynamic clothing.\", \"Additional tools include heart rate monitors, GPS devices, and hydration systems.\"]', 'The Tour de France covers over 3,000 km in 21 stages, challenging the endurance of the world\'s best cyclists.', '2026-04-19 06:05:51', 'images/cycling-front.jpg'),
(14, 'MMA', 'images/mma-header.png', 'images/logos/mma-back.png', '[\"Mixed Martial Arts (MMA) is a full-contact combat sport that combines techniques from striking and grappling disciplines such as boxing, kickboxing, wrestling, jiu-jitsu, and Muay Thai.\", \"Fighters must develop skills in both stand-up fighting and ground combat. Conditioning, strength, flexibility, and strategy are crucial for success inside the cage.\", \"MMA bouts take place in a cage or ring and are divided into timed rounds. Victory can occur through knockout, submission, or judges\' decision.\"]', '[\"MMA began with early no-rules fights but became formalized with the founding of the UFC in 1993, introducing weight classes, time limits, and safety regulations.\", \"Today, MMA is one of the fastest-growing sports globally, with major promotions like UFC, ONE Championship, and Bellator.\"]', '[\"Fighters must stay within weight divisions and follow unified rules including legal striking zones and submission allowances.\", \"Illegal moves include headbutts, eye gouging, groin attacks, and strikes to the back of the head.\", \"Matches can be won by knockout, technical knockout, submission, or judges\' scorecards.\"]', '[\"4oz MMA gloves, mouthguards, protective cups, shorts, and sometimes shin guards in amateur divisions.\", \"Training tools include pads, heavy bags, grappling mats, and cages.\"]', 'The UFC has popularized MMA globally, turning it into a mainstream sport attracting millions of viewers.', '2026-04-19 06:05:51', 'images/mma-front.jpg'),
(15, 'Baseball', 'images/baseball-header.png', 'images/logos/baseball-back.png', '[\"Baseball is a bat-and-ball sport played between two teams of nine players. The objective is to score runs by hitting the ball and advancing around four bases arranged in a diamond shape.\", \"The game requires precision hitting, strong throwing, quick reflexes, and strategic decision-making from both batters and fielders. A standard game consists of nine innings, with each team alternating between batting and fielding.\", \"Baseball combines power, technique, and tactical play, involving pitching duels, base stealing, fielding formations, and split-second reactions.\"]', '[\"Modern baseball developed in the United States in the mid-19th century, evolving from older bat-and-ball games such as rounders. The New York Knickerbockers established early rules in 1845.\", \"By the late 1800s, baseball became America\'s national pastime, and professional leagues soon formed. Major League Baseball (MLB) is now the highest level of competition, attracting global talent.\"]', '[\"Each team alternates between offense (batting) and defense (fielding) over nine innings. The batting team attempts to hit the pitched ball and reach bases safely to score runs.\", \"Pitchers must throw within defined regulations, and batters must stay within the batter’s box. Strikes, balls, outs, home runs, and fouls are key elements of play.\", \"Fielders work to get runners out through catches, tags, and force plays, while offensive players aim to advance strategically around bases.\"]', '[\"Baseball bat (wood or metal depending on league), regulation baseball, gloves for all fielders, protective batting helmet, and bases laid out on a dirt and grass field.\", \"Uniform typically includes jersey, pants, cap, cleats, and optional protective gear for batters and catchers.\"]', 'The longest professional baseball game in history lasted 33 innings and took over 8 hours to complete.', '2026-04-19 06:05:51', 'images/baseball-front.jpg'),
(16, 'Formula 1', 'images/formula1-header.png', 'images/logos/f1-back.png', '[\"Formula 1 (F1) is the highest class of international single-seater racing, known for extreme speed, advanced engineering, and elite driver skill. Races—called Grands Prix—take place on circuits and street tracks worldwide, testing drivers\' precision, reflexes, and endurance.\", \"Teams develop highly complex cars featuring hybrid power units, aerodynamics, and cutting-edge materials. Success relies on both driver talent and engineering excellence, as milliseconds can determine race outcomes.\", \"Modern F1 demands peak physical and mental condition, as drivers endure high G-forces, intense heat, and split-second decision-making at speeds exceeding 340 km/h.\"]', '[\"The first Formula 1 World Championship was held in 1950 at Silverstone, marking the beginning of the sport’s modern era. Early races featured front-engined cars, manual gearboxes, and minimal safety features.\", \"Technological evolution through turbo eras, hybrid engines, and ground-effect aerodynamics has transformed F1 into one of the most innovative sports globally. Iconic drivers such as Michael Schumacher, Ayrton Senna, and Lewis Hamilton shaped the sport\'s history.\"]', '[\"Races typically last around 305 km, with exceptions like Monaco. Drivers must use at least two different tire compounds during dry races.\", \"Teams operate with strict regulations regarding car design, power units, and cost caps. Stewards enforce penalties for unsafe driving, track limits violations, or procedural infringements.\", \"Points are awarded to the top 10 finishers, with an additional point for the fastest lap if achieved by a top-10 driver.\"]', '[\"A hybrid Formula 1 car powered by a 1.6L V6 turbo engine supported by energy recovery systems (ERS). Cars include advanced aerodynamics, carbon-fiber chassis, and Pirelli tires.\", \"Drivers wear fire-resistant suits, carbon helmets, HANS devices, and specially designed gloves and boots for high-temperature environments.\"]', 'F1 drivers can experience up to 6G during cornering and braking—similar to fighter jet pilots.', '2026-04-19 06:05:51', 'images/f1-front.jpg');

-- --------------------------------------------------------

--
-- Table structure for table `sport_gallery`
--

CREATE TABLE `sport_gallery` (
  `id` int(10) UNSIGNED NOT NULL,
  `sport_id` int(10) UNSIGNED NOT NULL,
  `image_path` varchar(255) NOT NULL,
  `sort_order` tinyint(3) UNSIGNED DEFAULT 0
) ENGINE=InnoDB DEFAULT CHARSET=utf8mb4 COLLATE=utf8mb4_general_ci;

--
-- Dumping data for table `sport_gallery`
--

INSERT INTO `sport_gallery` (`id`, `sport_id`, `image_path`, `sort_order`) VALUES
(1, 1, 'images/volleyball1.png', 0),
(2, 1, 'images/volleyball2.png', 1),
(3, 1, 'images/volleyball3.png', 2),
(4, 2, 'images/football1.png', 0),
(5, 2, 'images/football2.png', 1),
(6, 2, 'images/football3.png', 2),
(7, 3, 'images/gallery1.png', 0),
(8, 3, 'images/gallery2.png', 1),
(9, 3, 'images/gallery3.png', 2),
(10, 4, 'images/weightlifting1.png', 0),
(11, 4, 'images/weightlifting2.png', 1),
(12, 4, 'images/weightlifting3.png', 2),
(13, 5, 'images/bodybuilding1.png', 0),
(14, 5, 'images/bodybuilding2.png', 1),
(15, 5, 'images/bodybuilding3.png', 2),
(16, 6, 'images/tennis1.png', 0),
(17, 6, 'images/tennis2.png', 1),
(18, 6, 'images/tennis3.png', 2),
(19, 7, 'images/golf1.png', 0),
(20, 7, 'images/golf2.png', 1),
(21, 7, 'images/golf3.png', 2),
(22, 8, 'images/swimming1.png', 0),
(23, 8, 'images/swimming2.png', 1),
(24, 8, 'images/swimming3.png', 2),
(25, 9, 'images/running1.png', 0),
(26, 9, 'images/running2.png', 1),
(27, 9, 'images/running3.png', 2),
(28, 10, 'images/boxing1.png', 0),
(29, 10, 'images/boxing2.png', 1),
(30, 10, 'images/boxing3.png', 2),
(31, 11, 'images/wrestling1.png', 0),
(32, 11, 'images/wrestling2.png', 1),
(33, 11, 'images/wrestling3.png', 2),
(34, 12, 'images/hockey1.png', 0),
(35, 12, 'images/hockey2.png', 1),
(36, 12, 'images/hockey3.png', 2),
(37, 13, 'images/cycling1.png', 0),
(38, 13, 'images/cycling2.png', 1),
(39, 13, 'images/cycling3.png', 2),
(40, 14, 'images/mma1.png', 0),
(41, 14, 'images/mma2.png', 1),
(42, 14, 'images/mma3.png', 2),
(43, 15, 'images/baseball-gallery1.png', 0),
(44, 15, 'images/baseball-gallery2.png', 1),
(45, 15, 'images/baseball-gallery3.png', 2),
(46, 16, 'images/f1_1.png', 0),
(47, 16, 'images/f1_2.png', 1),
(48, 16, 'images/f1_3.png', 2);

-- --------------------------------------------------------

--
-- Table structure for table `sport_popularity_chart`
--

CREATE TABLE `sport_popularity_chart` (
  `id` int(10) UNSIGNED NOT NULL,
  `sport_id` int(10) UNSIGNED NOT NULL,
  `chart_year` smallint(6) NOT NULL,
  `chart_value` smallint(6) NOT NULL
) ENGINE=InnoDB DEFAULT CHARSET=utf8mb4 COLLATE=utf8mb4_general_ci;

--
-- Dumping data for table `sport_popularity_chart`
--

INSERT INTO `sport_popularity_chart` (`id`, `sport_id`, `chart_year`, `chart_value`) VALUES
(1, 2, 2010, 50),
(2, 2, 2012, 55),
(3, 2, 2014, 60),
(4, 2, 2016, 65),
(5, 2, 2018, 70),
(6, 2, 2020, 75),
(7, 2, 2022, 80),
(8, 2, 2024, 85),
(9, 2, 2025, 88),
(10, 3, 2010, 45),
(11, 3, 2012, 50),
(12, 3, 2014, 55),
(13, 3, 2016, 60),
(14, 3, 2018, 68),
(15, 3, 2020, 75),
(16, 3, 2022, 82),
(17, 3, 2024, 88),
(18, 3, 2025, 91),
(19, 6, 2010, 40),
(20, 6, 2012, 45),
(21, 6, 2014, 50),
(22, 6, 2016, 55),
(23, 6, 2018, 62),
(24, 6, 2020, 70),
(25, 6, 2022, 78),
(26, 6, 2024, 85),
(27, 6, 2025, 88),
(28, 8, 2010, 55),
(29, 8, 2012, 58),
(30, 8, 2014, 62),
(31, 8, 2016, 68),
(32, 8, 2018, 75),
(33, 8, 2020, 82),
(34, 8, 2022, 88),
(35, 8, 2024, 91),
(36, 8, 2025, 93),
(37, 9, 2010, 40),
(38, 9, 2012, 45),
(39, 9, 2014, 52),
(40, 9, 2016, 58),
(41, 9, 2018, 65),
(42, 9, 2020, 72),
(43, 9, 2022, 78),
(44, 9, 2024, 85),
(45, 9, 2025, 88),
(46, 1, 2010, 30),
(47, 1, 2012, 35),
(48, 1, 2014, 40),
(49, 1, 2016, 48),
(50, 1, 2018, 55),
(51, 1, 2020, 65),
(52, 1, 2022, 70),
(53, 1, 2024, 75),
(54, 1, 2025, 78),
(55, 7, 2010, 15),
(56, 7, 2012, 20),
(57, 7, 2014, 25),
(58, 7, 2016, 30),
(59, 7, 2018, 38),
(60, 7, 2020, 45),
(61, 7, 2022, 52),
(62, 7, 2024, 60),
(63, 7, 2025, 65),
(64, 5, 2010, 20),
(65, 5, 2012, 25),
(66, 5, 2014, 32),
(67, 5, 2016, 40),
(68, 5, 2018, 48),
(69, 5, 2020, 55),
(70, 5, 2022, 62),
(71, 5, 2024, 68),
(72, 5, 2025, 72),
(73, 12, 2010, 10),
(74, 12, 2012, 18),
(75, 12, 2014, 25),
(76, 12, 2016, 35),
(77, 12, 2018, 45),
(78, 12, 2020, 55),
(79, 12, 2022, 65),
(80, 12, 2024, 70),
(81, 12, 2025, 75),
(82, 14, 2010, 15),
(83, 14, 2012, 22),
(84, 14, 2014, 30),
(85, 14, 2016, 40),
(86, 14, 2018, 50),
(87, 14, 2020, 62),
(88, 14, 2022, 72),
(89, 14, 2024, 80),
(90, 14, 2025, 85),
(91, 13, 2010, 30),
(92, 13, 2012, 35),
(93, 13, 2014, 40),
(94, 13, 2016, 48),
(95, 13, 2018, 55),
(96, 13, 2020, 63),
(97, 13, 2022, 70),
(98, 13, 2024, 78),
(99, 13, 2025, 82),
(100, 10, 2010, 20),
(101, 10, 2012, 25),
(102, 10, 2014, 30),
(103, 10, 2016, 38),
(104, 10, 2018, 45),
(105, 10, 2020, 55),
(106, 10, 2022, 62),
(107, 10, 2024, 68),
(108, 10, 2025, 70),
(109, 2, 2010, 50),
(110, 2, 2012, 55),
(111, 2, 2014, 60),
(112, 2, 2016, 65),
(113, 2, 2018, 70),
(114, 2, 2020, 75),
(115, 2, 2022, 80),
(116, 2, 2024, 85),
(117, 2, 2025, 88),
(118, 3, 2010, 45),
(119, 3, 2012, 50),
(120, 3, 2014, 55),
(121, 3, 2016, 60),
(122, 3, 2018, 68),
(123, 3, 2020, 75),
(124, 3, 2022, 82),
(125, 3, 2024, 88),
(126, 3, 2025, 91),
(127, 6, 2010, 40),
(128, 6, 2012, 45),
(129, 6, 2014, 50),
(130, 6, 2016, 55),
(131, 6, 2018, 62),
(132, 6, 2020, 70),
(133, 6, 2022, 78),
(134, 6, 2024, 85),
(135, 6, 2025, 88),
(136, 8, 2010, 55),
(137, 8, 2012, 58),
(138, 8, 2014, 62),
(139, 8, 2016, 68),
(140, 8, 2018, 75),
(141, 8, 2020, 82),
(142, 8, 2022, 88),
(143, 8, 2024, 91),
(144, 8, 2025, 93),
(145, 9, 2010, 40),
(146, 9, 2012, 45),
(147, 9, 2014, 52),
(148, 9, 2016, 58),
(149, 9, 2018, 65),
(150, 9, 2020, 72),
(151, 9, 2022, 78),
(152, 9, 2024, 85),
(153, 9, 2025, 88),
(154, 1, 2010, 30),
(155, 1, 2012, 35),
(156, 1, 2014, 40),
(157, 1, 2016, 48),
(158, 1, 2018, 55),
(159, 1, 2020, 65),
(160, 1, 2022, 70),
(161, 1, 2024, 75),
(162, 1, 2025, 78),
(163, 7, 2010, 15),
(164, 7, 2012, 20),
(165, 7, 2014, 25),
(166, 7, 2016, 30),
(167, 7, 2018, 38),
(168, 7, 2020, 45),
(169, 7, 2022, 52),
(170, 7, 2024, 60),
(171, 7, 2025, 65),
(172, 5, 2010, 20),
(173, 5, 2012, 25),
(174, 5, 2014, 32),
(175, 5, 2016, 40),
(176, 5, 2018, 48),
(177, 5, 2020, 55),
(178, 5, 2022, 62),
(179, 5, 2024, 68),
(180, 5, 2025, 72),
(181, 12, 2010, 10),
(182, 12, 2012, 18),
(183, 12, 2014, 25),
(184, 12, 2016, 35),
(185, 12, 2018, 45),
(186, 12, 2020, 55),
(187, 12, 2022, 65),
(188, 12, 2024, 70),
(189, 12, 2025, 75),
(190, 14, 2010, 15),
(191, 14, 2012, 22),
(192, 14, 2014, 30),
(193, 14, 2016, 40),
(194, 14, 2018, 50),
(195, 14, 2020, 62),
(196, 14, 2022, 72),
(197, 14, 2024, 80),
(198, 14, 2025, 85),
(199, 13, 2010, 30),
(200, 13, 2012, 35),
(201, 13, 2014, 40),
(202, 13, 2016, 48),
(203, 13, 2018, 55),
(204, 13, 2020, 63),
(205, 13, 2022, 70),
(206, 13, 2024, 78),
(207, 13, 2025, 82),
(208, 10, 2010, 20),
(209, 10, 2012, 25),
(210, 10, 2014, 30),
(211, 10, 2016, 38),
(212, 10, 2018, 45),
(213, 10, 2020, 55),
(214, 10, 2022, 62),
(215, 10, 2024, 68),
(216, 10, 2025, 70),
(217, 2, 2010, 50),
(218, 2, 2012, 55),
(219, 2, 2014, 60),
(220, 2, 2016, 65),
(221, 2, 2018, 70),
(222, 2, 2020, 75),
(223, 2, 2022, 80),
(224, 2, 2024, 85),
(225, 2, 2025, 88),
(226, 3, 2010, 45),
(227, 3, 2012, 50),
(228, 3, 2014, 55),
(229, 3, 2016, 60),
(230, 3, 2018, 68),
(231, 3, 2020, 75),
(232, 3, 2022, 82),
(233, 3, 2024, 88),
(234, 3, 2025, 91),
(235, 6, 2010, 40),
(236, 6, 2012, 45),
(237, 6, 2014, 50),
(238, 6, 2016, 55),
(239, 6, 2018, 62),
(240, 6, 2020, 70),
(241, 6, 2022, 78),
(242, 6, 2024, 85),
(243, 6, 2025, 88),
(244, 8, 2010, 55),
(245, 8, 2012, 58),
(246, 8, 2014, 62),
(247, 8, 2016, 68),
(248, 8, 2018, 75),
(249, 8, 2020, 82),
(250, 8, 2022, 88),
(251, 8, 2024, 91),
(252, 8, 2025, 93),
(253, 9, 2010, 40),
(254, 9, 2012, 45),
(255, 9, 2014, 52),
(256, 9, 2016, 58),
(257, 9, 2018, 65),
(258, 9, 2020, 72),
(259, 9, 2022, 78),
(260, 9, 2024, 85),
(261, 9, 2025, 88),
(262, 1, 2010, 30),
(263, 1, 2012, 35),
(264, 1, 2014, 40),
(265, 1, 2016, 48),
(266, 1, 2018, 55),
(267, 1, 2020, 65),
(268, 1, 2022, 70),
(269, 1, 2024, 75),
(270, 1, 2025, 78),
(271, 7, 2010, 15),
(272, 7, 2012, 20),
(273, 7, 2014, 25),
(274, 7, 2016, 30),
(275, 7, 2018, 38),
(276, 7, 2020, 45),
(277, 7, 2022, 52),
(278, 7, 2024, 60),
(279, 7, 2025, 65),
(280, 5, 2010, 20),
(281, 5, 2012, 25),
(282, 5, 2014, 32),
(283, 5, 2016, 40),
(284, 5, 2018, 48),
(285, 5, 2020, 55),
(286, 5, 2022, 62),
(287, 5, 2024, 68),
(288, 5, 2025, 72),
(289, 12, 2010, 10),
(290, 12, 2012, 18),
(291, 12, 2014, 25),
(292, 12, 2016, 35),
(293, 12, 2018, 45),
(294, 12, 2020, 55),
(295, 12, 2022, 65),
(296, 12, 2024, 70),
(297, 12, 2025, 75),
(298, 14, 2010, 15),
(299, 14, 2012, 22),
(300, 14, 2014, 30),
(301, 14, 2016, 40),
(302, 14, 2018, 50),
(303, 14, 2020, 62),
(304, 14, 2022, 72),
(305, 14, 2024, 80),
(306, 14, 2025, 85),
(307, 13, 2010, 30),
(308, 13, 2012, 35),
(309, 13, 2014, 40),
(310, 13, 2016, 48),
(311, 13, 2018, 55),
(312, 13, 2020, 63),
(313, 13, 2022, 70),
(314, 13, 2024, 78),
(315, 13, 2025, 82),
(316, 10, 2010, 20),
(317, 10, 2012, 25),
(318, 10, 2014, 30),
(319, 10, 2016, 38),
(320, 10, 2018, 45),
(321, 10, 2020, 55),
(322, 10, 2022, 62),
(323, 10, 2024, 68),
(324, 10, 2025, 70);

-- --------------------------------------------------------

--
-- Table structure for table `sport_skills`
--

CREATE TABLE `sport_skills` (
  `id` int(10) UNSIGNED NOT NULL,
  `sport_id` int(10) UNSIGNED NOT NULL,
  `skill_name` varchar(100) NOT NULL,
  `skill_level` tinyint(3) UNSIGNED NOT NULL
) ENGINE=InnoDB DEFAULT CHARSET=utf8mb4 COLLATE=utf8mb4_general_ci;

--
-- Dumping data for table `sport_skills`
--

INSERT INTO `sport_skills` (`id`, `sport_id`, `skill_name`, `skill_level`) VALUES
(1, 2, 'Endurance', 85),
(2, 2, 'Teamwork', 80),
(3, 2, 'Speed', 78),
(4, 2, 'Agility', 75),
(5, 3, 'Agility', 90),
(6, 3, 'Accuracy', 85),
(7, 3, 'Stamina', 80),
(8, 3, 'Jumping', 78),
(9, 6, 'Reflex', 88),
(10, 6, 'Concentration', 83),
(11, 6, 'Power', 76),
(12, 6, 'Footwork', 80),
(13, 8, 'Endurance', 92),
(14, 8, 'Technique', 88),
(15, 8, 'Speed', 90),
(16, 8, 'Breathing Control', 85),
(17, 9, 'Endurance', 95),
(18, 9, 'Speed', 88),
(19, 9, 'Stamina', 90),
(20, 9, 'Breathing Control', 85),
(21, 1, 'Jumping', 85),
(22, 1, 'Teamwork', 82),
(23, 1, 'Reflex', 78),
(24, 1, 'Power', 75),
(25, 7, 'Precision', 85),
(26, 7, 'Concentration', 80),
(27, 7, 'Patience', 78),
(28, 7, 'Power', 75),
(29, 5, 'Muscle Control', 90),
(30, 5, 'Symmetry', 85),
(31, 5, 'Definition', 88),
(32, 5, 'Posing', 82),
(33, 12, 'Skating', 85),
(34, 12, 'Stick Control', 82),
(35, 12, 'Speed', 78),
(36, 12, 'Awareness', 80),
(37, 14, 'Striking', 85),
(38, 14, 'Grappling', 82),
(39, 14, 'Endurance', 80),
(40, 14, 'Versatility', 88),
(41, 13, 'Endurance', 90),
(42, 13, 'Power', 85),
(43, 13, 'Climbing', 80),
(44, 13, 'Speed', 78),
(45, 10, 'Strength', 85),
(46, 10, 'Endurance', 80),
(47, 10, 'Speed', 78),
(48, 10, 'Agility', 75);

-- --------------------------------------------------------

--
-- Table structure for table `sport_stats`
--

CREATE TABLE `sport_stats` (
  `id` int(10) UNSIGNED NOT NULL,
  `sport_id` int(10) UNSIGNED NOT NULL,
  `stat_name` varchar(100) NOT NULL,
  `stat_value` tinyint(3) UNSIGNED NOT NULL
) ENGINE=InnoDB DEFAULT CHARSET=utf8mb4 COLLATE=utf8mb4_general_ci;

--
-- Dumping data for table `sport_stats`
--

INSERT INTO `sport_stats` (`id`, `sport_id`, `stat_name`, `stat_value`) VALUES
(1, 1, 'Strength', 70),
(2, 1, 'Agility', 92),
(3, 1, 'Flexibility', 85),
(4, 1, 'Speed', 88),
(5, 1, 'Reflex', 90),
(6, 2, 'Strength', 82),
(7, 2, 'Agility', 88),
(8, 2, 'Flexibility', 75),
(9, 2, 'Speed', 92),
(10, 2, 'Reflex', 85),
(11, 3, 'Strength', 78),
(12, 3, 'Agility', 92),
(13, 3, 'Flexibility', 65),
(14, 3, 'Speed', 88),
(15, 3, 'Reflex', 96),
(16, 4, 'Strength', 95),
(17, 4, 'Agility', 70),
(18, 4, 'Flexibility', 75),
(19, 4, 'Speed', 85),
(20, 4, 'Reflex', 80),
(21, 5, 'Strength', 85),
(22, 5, 'Agility', 65),
(23, 5, 'Flexibility', 70),
(24, 5, 'Speed', 50),
(25, 5, 'Reflex', 55),
(26, 6, 'Strength', 78),
(27, 6, 'Agility', 95),
(28, 6, 'Flexibility', 85),
(29, 6, 'Speed', 90),
(30, 6, 'Reflex', 92),
(31, 7, 'Strength', 65),
(32, 7, 'Agility', 70),
(33, 7, 'Flexibility', 80),
(34, 7, 'Speed', 60),
(35, 7, 'Reflex', 75),
(36, 8, 'Strength', 80),
(37, 8, 'Agility', 88),
(38, 8, 'Flexibility', 85),
(39, 8, 'Speed', 90),
(40, 8, 'Reflex', 85),
(41, 9, 'Strength', 75),
(42, 9, 'Agility', 85),
(43, 9, 'Flexibility', 80),
(44, 9, 'Speed', 98),
(45, 9, 'Reflex', 88),
(46, 10, 'Strength', 85),
(47, 10, 'Agility', 90),
(48, 10, 'Flexibility', 70),
(49, 10, 'Speed', 88),
(50, 10, 'Reflex', 95),
(51, 11, 'Strength', 90),
(52, 11, 'Agility', 85),
(53, 11, 'Flexibility', 80),
(54, 11, 'Speed', 78),
(55, 11, 'Reflex', 85),
(56, 12, 'Strength', 80),
(57, 12, 'Agility', 88),
(58, 12, 'Flexibility', 70),
(59, 12, 'Speed', 85),
(60, 12, 'Reflex', 80),
(61, 13, 'Strength', 75),
(62, 13, 'Agility', 82),
(63, 13, 'Flexibility', 70),
(64, 13, 'Speed', 90),
(65, 13, 'Reflex', 80),
(66, 14, 'Strength', 90),
(67, 14, 'Agility', 88),
(68, 14, 'Flexibility', 75),
(69, 14, 'Speed', 85),
(70, 14, 'Reflex', 95),
(71, 15, 'Strength', 85),
(72, 15, 'Agility', 70),
(73, 15, 'Flexibility', 60),
(74, 15, 'Speed', 78),
(75, 15, 'Reflex', 88),
(76, 16, 'Strength', 78),
(77, 16, 'Agility', 90),
(78, 16, 'Flexibility', 70),
(79, 16, 'Speed', 95),
(80, 16, 'Reflex', 98);

-- --------------------------------------------------------

--
-- Table structure for table `statements`
--

CREATE TABLE `statements` (
  `id` int(10) UNSIGNED NOT NULL,
  `admin_id` int(10) UNSIGNED NOT NULL,
  `body` text NOT NULL,
  `image` varchar(255) DEFAULT NULL,
  `created_at` timestamp NOT NULL DEFAULT current_timestamp()
) ENGINE=InnoDB DEFAULT CHARSET=utf8mb4 COLLATE=utf8mb4_general_ci;

--
-- Dumping data for table `statements`
--

INSERT INTO `statements` (`id`, `admin_id`, `body`, `image`, `created_at`) VALUES
(1, 1, 'siiiiiiiiiiiii', 'chat/69eaa736b1de54.47403297.png', '2026-04-23 23:11:50');

-- --------------------------------------------------------

--
-- Table structure for table `statement_reactions`
--

CREATE TABLE `statement_reactions` (
  `id` int(10) UNSIGNED NOT NULL,
  `statement_id` int(10) UNSIGNED NOT NULL,
  `user_id` int(10) UNSIGNED NOT NULL,
  `emoji` varchar(10) NOT NULL,
  `created_at` timestamp NOT NULL DEFAULT current_timestamp()
) ENGINE=InnoDB DEFAULT CHARSET=utf8mb4 COLLATE=utf8mb4_general_ci;

--
-- Dumping data for table `statement_reactions`
--

INSERT INTO `statement_reactions` (`id`, `statement_id`, `user_id`, `emoji`, `created_at`) VALUES
(1, 1, 2, '❤️', '2026-04-25 12:51:22');

-- --------------------------------------------------------

--
-- Table structure for table `users`
--

CREATE TABLE `users` (
  `id` int(10) UNSIGNED NOT NULL,
  `name` varchar(200) NOT NULL,
  `email` varchar(255) NOT NULL,
  `password_hash` varchar(255) NOT NULL,
  `role` enum('user','admin') NOT NULL DEFAULT 'user',
  `avatar` varchar(255) DEFAULT NULL,
  `remember_token` varchar(64) DEFAULT NULL,
  `token_expires` datetime DEFAULT NULL,
  `created_at` timestamp NOT NULL DEFAULT current_timestamp()
) ENGINE=InnoDB DEFAULT CHARSET=utf8mb4 COLLATE=utf8mb4_general_ci;

--
-- Dumping data for table `users`
--

INSERT INTO `users` (`id`, `name`, `email`, `password_hash`, `role`, `avatar`, `remember_token`, `token_expires`, `created_at`) VALUES
(1, 'Admin', 'admin@sports.com', '$2y$10$92IXUNpkjO0rOQ5byMi.Ye4oKoEa3Ro9llC/.og/at2.uheWG/igi', 'admin', 'avatars/69eaa46d1712a5.05753584.jpg', NULL, NULL, '2026-04-19 06:05:19'),
(2, 'mazen mohamed', 'mazen@sports.com', '$2y$10$Lcgw9cna0DiXRB.H8WPF3ue/z5oGbcpF2eGXredBY2i/TeNt7ZH7e', 'user', 'avatars/69efc77e2e9033.62458700.jpg', NULL, NULL, '2026-04-23 23:08:26');

--
-- Indexes for dumped tables
--

--
-- Indexes for table `athletes`
--
ALTER TABLE `athletes`
  ADD PRIMARY KEY (`id`),
  ADD UNIQUE KEY `slug` (`slug`),
  ADD KEY `sport_id` (`sport_id`),
  ADD KEY `country_id` (`country_id`);

--
-- Indexes for table `athlete_chart`
--
ALTER TABLE `athlete_chart`
  ADD PRIMARY KEY (`id`),
  ADD KEY `athlete_id` (`athlete_id`);

--
-- Indexes for table `athlete_stats`
--
ALTER TABLE `athlete_stats`
  ADD PRIMARY KEY (`id`),
  ADD KEY `athlete_id` (`athlete_id`);

--
-- Indexes for table `athlete_timeline`
--
ALTER TABLE `athlete_timeline`
  ADD PRIMARY KEY (`id`),
  ADD KEY `athlete_id` (`athlete_id`);

--
-- Indexes for table `championships`
--
ALTER TABLE `championships`
  ADD PRIMARY KEY (`id`),
  ADD KEY `sport_id` (`sport_id`);

--
-- Indexes for table `clubs`
--
ALTER TABLE `clubs`
  ADD PRIMARY KEY (`id`),
  ADD KEY `sport_id` (`sport_id`);

--
-- Indexes for table `contact_messages`
--
ALTER TABLE `contact_messages`
  ADD PRIMARY KEY (`id`),
  ADD KEY `user_id` (`user_id`);

--
-- Indexes for table `contributions`
--
ALTER TABLE `contributions`
  ADD PRIMARY KEY (`id`),
  ADD KEY `user_id` (`user_id`);

--
-- Indexes for table `countries`
--
ALTER TABLE `countries`
  ADD PRIMARY KEY (`id`),
  ADD UNIQUE KEY `name` (`name`);

--
-- Indexes for table `dashboard_overview`
--
ALTER TABLE `dashboard_overview`
  ADD PRIMARY KEY (`id`),
  ADD UNIQUE KEY `year` (`year`);

--
-- Indexes for table `dashboard_ranking`
--
ALTER TABLE `dashboard_ranking`
  ADD PRIMARY KEY (`id`),
  ADD KEY `sport_id` (`sport_id`),
  ADD KEY `country_id` (`country_id`);

--
-- Indexes for table `dashboard_sport_stats`
--
ALTER TABLE `dashboard_sport_stats`
  ADD PRIMARY KEY (`id`),
  ADD UNIQUE KEY `sport_id` (`sport_id`);

--
-- Indexes for table `dashboard_top_players`
--
ALTER TABLE `dashboard_top_players`
  ADD PRIMARY KEY (`id`),
  ADD KEY `sport_id` (`sport_id`),
  ADD KEY `country_id` (`country_id`);

--
-- Indexes for table `feedback`
--
ALTER TABLE `feedback`
  ADD PRIMARY KEY (`id`),
  ADD KEY `user_id` (`user_id`);

--
-- Indexes for table `records`
--
ALTER TABLE `records`
  ADD PRIMARY KEY (`id`),
  ADD KEY `sport_id` (`sport_id`),
  ADD KEY `country_id` (`country_id`);

--
-- Indexes for table `sports`
--
ALTER TABLE `sports`
  ADD PRIMARY KEY (`id`),
  ADD UNIQUE KEY `name` (`name`);

--
-- Indexes for table `sport_gallery`
--
ALTER TABLE `sport_gallery`
  ADD PRIMARY KEY (`id`),
  ADD KEY `sport_id` (`sport_id`);

--
-- Indexes for table `sport_popularity_chart`
--
ALTER TABLE `sport_popularity_chart`
  ADD PRIMARY KEY (`id`),
  ADD KEY `sport_id` (`sport_id`);

--
-- Indexes for table `sport_skills`
--
ALTER TABLE `sport_skills`
  ADD PRIMARY KEY (`id`),
  ADD KEY `sport_id` (`sport_id`);

--
-- Indexes for table `sport_stats`
--
ALTER TABLE `sport_stats`
  ADD PRIMARY KEY (`id`),
  ADD KEY `sport_id` (`sport_id`);

--
-- Indexes for table `statements`
--
ALTER TABLE `statements`
  ADD PRIMARY KEY (`id`),
  ADD KEY `admin_id` (`admin_id`);

--
-- Indexes for table `statement_reactions`
--
ALTER TABLE `statement_reactions`
  ADD PRIMARY KEY (`id`),
  ADD UNIQUE KEY `uq_user_stmt` (`statement_id`,`user_id`),
  ADD KEY `user_id` (`user_id`);

--
-- Indexes for table `users`
--
ALTER TABLE `users`
  ADD PRIMARY KEY (`id`),
  ADD UNIQUE KEY `email` (`email`);

--
-- AUTO_INCREMENT for dumped tables
--

--
-- AUTO_INCREMENT for table `athletes`
--
ALTER TABLE `athletes`
  MODIFY `id` int(10) UNSIGNED NOT NULL AUTO_INCREMENT, AUTO_INCREMENT=968;

--
-- AUTO_INCREMENT for table `athlete_chart`
--
ALTER TABLE `athlete_chart`
  MODIFY `id` int(10) UNSIGNED NOT NULL AUTO_INCREMENT, AUTO_INCREMENT=3348;

--
-- AUTO_INCREMENT for table `athlete_stats`
--
ALTER TABLE `athlete_stats`
  MODIFY `id` int(10) UNSIGNED NOT NULL AUTO_INCREMENT, AUTO_INCREMENT=2669;

--
-- AUTO_INCREMENT for table `athlete_timeline`
--
ALTER TABLE `athlete_timeline`
  MODIFY `id` int(10) UNSIGNED NOT NULL AUTO_INCREMENT, AUTO_INCREMENT=2101;

--
-- AUTO_INCREMENT for table `championships`
--
ALTER TABLE `championships`
  MODIFY `id` int(10) UNSIGNED NOT NULL AUTO_INCREMENT, AUTO_INCREMENT=174;

--
-- AUTO_INCREMENT for table `clubs`
--
ALTER TABLE `clubs`
  MODIFY `id` int(10) UNSIGNED NOT NULL AUTO_INCREMENT, AUTO_INCREMENT=185;

--
-- AUTO_INCREMENT for table `contact_messages`
--
ALTER TABLE `contact_messages`
  MODIFY `id` int(10) UNSIGNED NOT NULL AUTO_INCREMENT;

--
-- AUTO_INCREMENT for table `contributions`
--
ALTER TABLE `contributions`
  MODIFY `id` int(10) UNSIGNED NOT NULL AUTO_INCREMENT, AUTO_INCREMENT=5;

--
-- AUTO_INCREMENT for table `countries`
--
ALTER TABLE `countries`
  MODIFY `id` smallint(5) UNSIGNED NOT NULL AUTO_INCREMENT, AUTO_INCREMENT=802;

--
-- AUTO_INCREMENT for table `dashboard_overview`
--
ALTER TABLE `dashboard_overview`
  MODIFY `id` int(10) UNSIGNED NOT NULL AUTO_INCREMENT, AUTO_INCREMENT=6;

--
-- AUTO_INCREMENT for table `dashboard_ranking`
--
ALTER TABLE `dashboard_ranking`
  MODIFY `id` int(10) UNSIGNED NOT NULL AUTO_INCREMENT, AUTO_INCREMENT=40;

--
-- AUTO_INCREMENT for table `dashboard_sport_stats`
--
ALTER TABLE `dashboard_sport_stats`
  MODIFY `id` int(10) UNSIGNED NOT NULL AUTO_INCREMENT, AUTO_INCREMENT=19;

--
-- AUTO_INCREMENT for table `dashboard_top_players`
--
ALTER TABLE `dashboard_top_players`
  MODIFY `id` int(10) UNSIGNED NOT NULL AUTO_INCREMENT, AUTO_INCREMENT=181;

--
-- AUTO_INCREMENT for table `feedback`
--
ALTER TABLE `feedback`
  MODIFY `id` int(10) UNSIGNED NOT NULL AUTO_INCREMENT, AUTO_INCREMENT=3;

--
-- AUTO_INCREMENT for table `records`
--
ALTER TABLE `records`
  MODIFY `id` int(10) UNSIGNED NOT NULL AUTO_INCREMENT, AUTO_INCREMENT=125;

--
-- AUTO_INCREMENT for table `sports`
--
ALTER TABLE `sports`
  MODIFY `id` int(10) UNSIGNED NOT NULL AUTO_INCREMENT, AUTO_INCREMENT=67;

--
-- AUTO_INCREMENT for table `sport_gallery`
--
ALTER TABLE `sport_gallery`
  MODIFY `id` int(10) UNSIGNED NOT NULL AUTO_INCREMENT, AUTO_INCREMENT=145;

--
-- AUTO_INCREMENT for table `sport_popularity_chart`
--
ALTER TABLE `sport_popularity_chart`
  MODIFY `id` int(10) UNSIGNED NOT NULL AUTO_INCREMENT, AUTO_INCREMENT=325;

--
-- AUTO_INCREMENT for table `sport_skills`
--
ALTER TABLE `sport_skills`
  MODIFY `id` int(10) UNSIGNED NOT NULL AUTO_INCREMENT, AUTO_INCREMENT=145;

--
-- AUTO_INCREMENT for table `sport_stats`
--
ALTER TABLE `sport_stats`
  MODIFY `id` int(10) UNSIGNED NOT NULL AUTO_INCREMENT, AUTO_INCREMENT=241;

--
-- AUTO_INCREMENT for table `statements`
--
ALTER TABLE `statements`
  MODIFY `id` int(10) UNSIGNED NOT NULL AUTO_INCREMENT, AUTO_INCREMENT=2;

--
-- AUTO_INCREMENT for table `statement_reactions`
--
ALTER TABLE `statement_reactions`
  MODIFY `id` int(10) UNSIGNED NOT NULL AUTO_INCREMENT, AUTO_INCREMENT=2;

--
-- AUTO_INCREMENT for table `users`
--
ALTER TABLE `users`
  MODIFY `id` int(10) UNSIGNED NOT NULL AUTO_INCREMENT, AUTO_INCREMENT=3;

--
-- Constraints for dumped tables
--

--
-- Constraints for table `athletes`
--
ALTER TABLE `athletes`
  ADD CONSTRAINT `athletes_ibfk_1` FOREIGN KEY (`sport_id`) REFERENCES `sports` (`id`),
  ADD CONSTRAINT `athletes_ibfk_2` FOREIGN KEY (`country_id`) REFERENCES `countries` (`id`) ON DELETE SET NULL;

--
-- Constraints for table `athlete_chart`
--
ALTER TABLE `athlete_chart`
  ADD CONSTRAINT `athlete_chart_ibfk_1` FOREIGN KEY (`athlete_id`) REFERENCES `athletes` (`id`) ON DELETE CASCADE;

--
-- Constraints for table `athlete_stats`
--
ALTER TABLE `athlete_stats`
  ADD CONSTRAINT `athlete_stats_ibfk_1` FOREIGN KEY (`athlete_id`) REFERENCES `athletes` (`id`) ON DELETE CASCADE;

--
-- Constraints for table `athlete_timeline`
--
ALTER TABLE `athlete_timeline`
  ADD CONSTRAINT `athlete_timeline_ibfk_1` FOREIGN KEY (`athlete_id`) REFERENCES `athletes` (`id`) ON DELETE CASCADE;

--
-- Constraints for table `championships`
--
ALTER TABLE `championships`
  ADD CONSTRAINT `championships_ibfk_1` FOREIGN KEY (`sport_id`) REFERENCES `sports` (`id`) ON DELETE CASCADE;

--
-- Constraints for table `clubs`
--
ALTER TABLE `clubs`
  ADD CONSTRAINT `clubs_ibfk_1` FOREIGN KEY (`sport_id`) REFERENCES `sports` (`id`);

--
-- Constraints for table `contact_messages`
--
ALTER TABLE `contact_messages`
  ADD CONSTRAINT `contact_messages_ibfk_1` FOREIGN KEY (`user_id`) REFERENCES `users` (`id`) ON DELETE SET NULL;

--
-- Constraints for table `contributions`
--
ALTER TABLE `contributions`
  ADD CONSTRAINT `contributions_ibfk_1` FOREIGN KEY (`user_id`) REFERENCES `users` (`id`) ON DELETE CASCADE;

--
-- Constraints for table `dashboard_ranking`
--
ALTER TABLE `dashboard_ranking`
  ADD CONSTRAINT `dashboard_ranking_ibfk_1` FOREIGN KEY (`sport_id`) REFERENCES `sports` (`id`) ON DELETE SET NULL,
  ADD CONSTRAINT `dashboard_ranking_ibfk_2` FOREIGN KEY (`country_id`) REFERENCES `countries` (`id`) ON DELETE SET NULL;

--
-- Constraints for table `dashboard_sport_stats`
--
ALTER TABLE `dashboard_sport_stats`
  ADD CONSTRAINT `dashboard_sport_stats_ibfk_1` FOREIGN KEY (`sport_id`) REFERENCES `sports` (`id`) ON DELETE CASCADE;

--
-- Constraints for table `dashboard_top_players`
--
ALTER TABLE `dashboard_top_players`
  ADD CONSTRAINT `dashboard_top_players_ibfk_1` FOREIGN KEY (`sport_id`) REFERENCES `sports` (`id`) ON DELETE CASCADE,
  ADD CONSTRAINT `dashboard_top_players_ibfk_2` FOREIGN KEY (`country_id`) REFERENCES `countries` (`id`) ON DELETE SET NULL;

--
-- Constraints for table `feedback`
--
ALTER TABLE `feedback`
  ADD CONSTRAINT `feedback_ibfk_1` FOREIGN KEY (`user_id`) REFERENCES `users` (`id`) ON DELETE SET NULL;

--
-- Constraints for table `records`
--
ALTER TABLE `records`
  ADD CONSTRAINT `records_ibfk_1` FOREIGN KEY (`sport_id`) REFERENCES `sports` (`id`),
  ADD CONSTRAINT `records_ibfk_2` FOREIGN KEY (`country_id`) REFERENCES `countries` (`id`) ON DELETE SET NULL;

--
-- Constraints for table `sport_gallery`
--
ALTER TABLE `sport_gallery`
  ADD CONSTRAINT `sport_gallery_ibfk_1` FOREIGN KEY (`sport_id`) REFERENCES `sports` (`id`) ON DELETE CASCADE;

--
-- Constraints for table `sport_popularity_chart`
--
ALTER TABLE `sport_popularity_chart`
  ADD CONSTRAINT `sport_popularity_chart_ibfk_1` FOREIGN KEY (`sport_id`) REFERENCES `sports` (`id`) ON DELETE CASCADE;

--
-- Constraints for table `sport_skills`
--
ALTER TABLE `sport_skills`
  ADD CONSTRAINT `sport_skills_ibfk_1` FOREIGN KEY (`sport_id`) REFERENCES `sports` (`id`) ON DELETE CASCADE;

--
-- Constraints for table `sport_stats`
--
ALTER TABLE `sport_stats`
  ADD CONSTRAINT `sport_stats_ibfk_1` FOREIGN KEY (`sport_id`) REFERENCES `sports` (`id`) ON DELETE CASCADE;

--
-- Constraints for table `statements`
--
ALTER TABLE `statements`
  ADD CONSTRAINT `statements_ibfk_1` FOREIGN KEY (`admin_id`) REFERENCES `users` (`id`) ON DELETE CASCADE;

--
-- Constraints for table `statement_reactions`
--
ALTER TABLE `statement_reactions`
  ADD CONSTRAINT `statement_reactions_ibfk_1` FOREIGN KEY (`statement_id`) REFERENCES `statements` (`id`) ON DELETE CASCADE,
  ADD CONSTRAINT `statement_reactions_ibfk_2` FOREIGN KEY (`user_id`) REFERENCES `users` (`id`) ON DELETE CASCADE;
COMMIT;

/*!40101 SET CHARACTER_SET_CLIENT=@OLD_CHARACTER_SET_CLIENT */;
/*!40101 SET CHARACTER_SET_RESULTS=@OLD_CHARACTER_SET_RESULTS */;
/*!40101 SET COLLATION_CONNECTION=@OLD_COLLATION_CONNECTION */;
